省份,year,indicator,indicator_code,model,value_kg_per_capita
上海,2025,口粮,grain_raw,robust_linear,87.58749999999999
上海,2026,口粮,grain_raw,robust_linear,81.57499999999999
上海,2027,口粮,grain_raw,robust_linear,75.5625
上海,2028,口粮,grain_raw,robust_linear,69.54999999999998
上海,2029,口粮,grain_raw,robust_linear,63.53749999999999
上海,2030,口粮,grain_raw,robust_linear,57.52499999999999
上海,2031,口粮,grain_raw,robust_linear,51.51249999999999
上海,2032,口粮,grain_raw,robust_linear,45.499999999999986
上海,2033,口粮,grain_raw,robust_linear,39.48749999999998
上海,2034,口粮,grain_raw,robust_linear,33.47499999999998
上海,2035,口粮,grain_raw,robust_linear,27.462499999999977
上海,2025,口粮,grain_raw,exponential_decline,89.28276170066661
上海,2026,口粮,grain_raw,exponential_decline,85.67670115366957
上海,2027,口粮,grain_raw,exponential_decline,82.66466619821752
上海,2028,口粮,grain_raw,exponential_decline,80.14880312419893
上海,2029,口粮,grain_raw,exponential_decline,78.04737764248162
上海,2030,口粮,grain_raw,exponential_decline,76.29211953610256
上海,2031,口粮,grain_raw,exponential_decline,74.82600472650597
上海,2032,口粮,grain_raw,exponential_decline,73.60140269954104
上海,2033,口粮,grain_raw,exponential_decline,72.57852910558337
上海,2034,口粮,grain_raw,exponential_decline,71.72415326251134
上海,2035,口粮,grain_raw,exponential_decline,71.01051857144387
上海,2025,口粮,grain_raw,local_trend,85.76666666666667
上海,2026,口粮,grain_raw,local_trend,79.03
上海,2027,口粮,grain_raw,local_trend,73.23646666666667
上海,2028,口粮,grain_raw,local_trend,68.254028
上海,2029,口粮,grain_raw,local_trend,63.969130746666664
上海,2030,口粮,grain_raw,local_trend,60.284119108800006
上海,2031,口粮,grain_raw,local_trend,57.11500910023467
上海,2032,口粮,grain_raw,local_trend,54.38957449286849
上海,2033,口粮,grain_raw,local_trend,52.04570073053357
上海,2034,口粮,grain_raw,local_trend,50.029969294925536
上海,2035,口粮,grain_raw,local_trend,48.29644026030263
云南,2025,口粮,grain_raw,robust_linear,112.228125
云南,2026,口粮,grain_raw,robust_linear,106.25625000000001
云南,2027,口粮,grain_raw,robust_linear,100.28437500000001
云南,2028,口粮,grain_raw,robust_linear,94.3125
云南,2029,口粮,grain_raw,robust_linear,88.34062500000002
云南,2030,口粮,grain_raw,robust_linear,82.36875
云南,2031,口粮,grain_raw,robust_linear,76.39687500000001
云南,2032,口粮,grain_raw,robust_linear,70.42500000000001
云南,2033,口粮,grain_raw,robust_linear,64.45312500000001
云南,2034,口粮,grain_raw,robust_linear,58.48125000000002
云南,2035,口粮,grain_raw,robust_linear,52.50937500000002
云南,2025,口粮,grain_raw,exponential_decline,112.74810291686745
云南,2026,口粮,grain_raw,exponential_decline,108.19429568764684
云南,2027,口粮,grain_raw,exponential_decline,104.39063616056956
云南,2028,口粮,grain_raw,exponential_decline,101.21355266325122
云南,2029,口粮,grain_raw,exponential_decline,98.55982945877487
云南,2030,口粮,grain_raw,exponential_decline,96.34325351674491
云南,2031,口粮,grain_raw,exponential_decline,94.4918136610364
云南,2032,口粮,grain_raw,exponential_decline,92.94536110134351
云南,2033,口粮,grain_raw,exponential_decline,91.65365534487131
云南,2034,口粮,grain_raw,exponential_decline,90.57473200458163
云南,2035,口粮,grain_raw,exponential_decline,89.6735394780413
云南,2025,口粮,grain_raw,local_trend,110.60000000000001
云南,2026,口粮,grain_raw,local_trend,104.06400000000001
云南,2027,口粮,grain_raw,local_trend,98.44304000000001
云南,2028,口粮,grain_raw,local_trend,93.6090144
云南,2029,口粮,grain_raw,local_trend,89.45175238400002
云南,2030,口粮,grain_raw,local_trend,85.87650705024001
云南,2031,口粮,grain_raw,local_trend,82.80179606320641
云南,2032,口粮,grain_raw,local_trend,80.15754461435753
云南,2033,口粮,grain_raw,local_trend,77.88348836834747
云南,2034,口粮,grain_raw,local_trend,75.92779999677883
云南,2035,口粮,grain_raw,local_trend,74.2459079972298
内蒙古,2025,口粮,grain_raw,robust_linear,162.6527777777778
内蒙古,2026,口粮,grain_raw,robust_linear,160.5055555555556
内蒙古,2027,口粮,grain_raw,robust_linear,158.35833333333338
内蒙古,2028,口粮,grain_raw,robust_linear,156.21111111111117
内蒙古,2029,口粮,grain_raw,robust_linear,154.06388888888895
内蒙古,2030,口粮,grain_raw,robust_linear,151.91666666666674
内蒙古,2031,口粮,grain_raw,robust_linear,149.76944444444453
内蒙古,2032,口粮,grain_raw,robust_linear,147.62222222222232
内蒙古,2033,口粮,grain_raw,robust_linear,145.4750000000001
内蒙古,2034,口粮,grain_raw,robust_linear,143.3277777777779
内蒙古,2035,口粮,grain_raw,robust_linear,141.18055555555569
内蒙古,2025,口粮,grain_raw,exponential_decline,162.70197022938885
内蒙古,2026,口粮,grain_raw,exponential_decline,160.69933160211963
内蒙古,2027,口粮,grain_raw,exponential_decline,158.78774696799763
内蒙古,2028,口粮,grain_raw,exponential_decline,156.96307637408526
内蒙古,2029,口粮,grain_raw,exponential_decline,155.22136809873186
内蒙古,2030,口粮,grain_raw,exponential_decline,153.55885009325996
内蒙古,2031,口粮,grain_raw,exponential_decline,151.97192181277197
内蒙古,2032,口粮,grain_raw,exponential_decline,150.45714641838592
内蒙古,2033,口粮,grain_raw,exponential_decline,149.01124333401225
内蒙古,2034,口粮,grain_raw,exponential_decline,147.63108114155162
内蒙古,2035,口粮,grain_raw,exponential_decline,146.31367079912684
内蒙古,2025,口粮,grain_raw,local_trend,161.00000000000003
内蒙古,2026,口粮,grain_raw,local_trend,157.73200000000006
内蒙古,2027,口粮,grain_raw,local_trend,154.92152000000004
内蒙古,2028,口粮,grain_raw,local_trend,152.50450720000006
内蒙古,2029,口粮,grain_raw,local_trend,150.4258761920001
内蒙古,2030,口粮,grain_raw,local_trend,148.6382535251201
内蒙古,2031,口粮,grain_raw,local_trend,147.1008980316033
内蒙古,2032,口粮,grain_raw,local_trend,145.77877230717885
内蒙古,2033,口粮,grain_raw,local_trend,144.64174418417383
内蒙古,2034,口粮,grain_raw,local_trend,143.66389999838952
内蒙古,2035,口粮,grain_raw,local_trend,142.822953998615
北京,2025,口粮,grain_raw,robust_linear,80.5625
北京,2026,口粮,grain_raw,robust_linear,74.82499999999999
北京,2027,口粮,grain_raw,robust_linear,69.08749999999999
北京,2028,口粮,grain_raw,robust_linear,63.34999999999999
北京,2029,口粮,grain_raw,robust_linear,57.61249999999998
北京,2030,口粮,grain_raw,robust_linear,51.874999999999986
北京,2031,口粮,grain_raw,robust_linear,46.13749999999998
北京,2032,口粮,grain_raw,robust_linear,40.39999999999998
北京,2033,口粮,grain_raw,robust_linear,34.66249999999997
北京,2034,口粮,grain_raw,robust_linear,28.92499999999997
北京,2035,口粮,grain_raw,robust_linear,23.18749999999997
北京,2025,口粮,grain_raw,exponential_decline,82.31946938854198
北京,2026,口粮,grain_raw,exponential_decline,78.99465074318039
北京,2027,口粮,grain_raw,exponential_decline,76.21752877036508
北京,2028,口粮,grain_raw,exponential_decline,73.89788151301676
北京,2029,口粮,grain_raw,exponential_decline,71.96034925797184
北京,2030,口粮,grain_raw,exponential_decline,70.3419862816843
北京,2031,口粮,grain_raw,exponential_decline,68.99021589634044
北京,2032,口粮,grain_raw,exponential_decline,67.86112236079478
北京,2033,口粮,grain_raw,exponential_decline,66.91802416465646
北京,2034,口粮,grain_raw,exponential_decline,66.13028233498642
北京,2035,口粮,grain_raw,exponential_decline,65.47230505038041
北京,2025,口粮,grain_raw,local_trend,78.43333333333332
北京,2026,口粮,grain_raw,local_trend,71.66799999999999
北京,2027,口粮,grain_raw,local_trend,65.84981333333333
北京,2028,口粮,grain_raw,local_trend,60.84617279999999
北京,2029,口粮,grain_raw,local_trend,56.54304194133332
北京,2030,口粮,grain_raw,local_trend,52.84234940287999
北京,2031,口粮,grain_raw,local_trend,49.65975381981013
北京,2032,口粮,grain_raw,local_trend,46.92272161837004
北京,2033,口粮,grain_raw,local_trend,44.56887392513156
北京,2034,口粮,grain_raw,local_trend,42.54456490894648
北京,2035,口粮,grain_raw,local_trend,40.803659155027304
吉林,2025,口粮,grain_raw,robust_linear,141.92000000000002
吉林,2026,口粮,grain_raw,robust_linear,139.54000000000002
吉林,2027,口粮,grain_raw,robust_linear,137.16000000000003
吉林,2028,口粮,grain_raw,robust_linear,134.78000000000003
吉林,2029,口粮,grain_raw,robust_linear,132.40000000000003
吉林,2030,口粮,grain_raw,robust_linear,130.02000000000004
吉林,2031,口粮,grain_raw,robust_linear,127.64000000000003
吉林,2032,口粮,grain_raw,robust_linear,125.26000000000003
吉林,2033,口粮,grain_raw,robust_linear,122.88000000000004
吉林,2034,口粮,grain_raw,robust_linear,120.50000000000004
吉林,2035,口粮,grain_raw,robust_linear,118.12000000000005
吉林,2025,口粮,grain_raw,exponential_decline,141.9887406958595
吉林,2026,口粮,grain_raw,exponential_decline,139.80969403331326
吉林,2027,口粮,grain_raw,exponential_decline,137.75529695677255
吉林,2028,口粮,grain_raw,exponential_decline,135.81841904560045
吉林,2029,口粮,grain_raw,exponential_decline,133.9923377657812
吉林,2030,口粮,grain_raw,exponential_decline,132.27071513728606
吉林,2031,口粮,grain_raw,exponential_decline,130.64757573615276
吉林,2032,口粮,grain_raw,exponential_decline,129.11728595492806
吉林,2033,口粮,grain_raw,exponential_decline,127.67453444949008
吉林,2034,口粮,grain_raw,exponential_decline,126.3143137043854
吉林,2035,口粮,grain_raw,exponential_decline,125.0319026526974
吉林,2025,口粮,grain_raw,local_trend,140.36666666666667
吉林,2026,口粮,grain_raw,local_trend,136.984
吉林,2027,口粮,grain_raw,local_trend,134.0749066666667
吉林,2028,口粮,grain_raw,local_trend,131.57308640000002
吉林,2029,口粮,grain_raw,local_trend,129.4215209706667
吉林,2030,口粮,grain_raw,local_trend,127.57117470144004
吉林,2031,口粮,grain_raw,local_trend,125.9798769099051
吉林,2032,口粮,grain_raw,local_trend,124.61136080918507
吉林,2033,口粮,grain_raw,local_trend,123.43443696256583
吉林,2034,口粮,grain_raw,local_trend,122.42228245447329
吉林,2035,口粮,grain_raw,local_trend,121.5518295775137
四川,2025,口粮,grain_raw,robust_linear,110.89616666666667
四川,2026,口粮,grain_raw,robust_linear,103.89233333333334
四川,2027,口粮,grain_raw,robust_linear,96.8885
四川,2028,口粮,grain_raw,robust_linear,89.88466666666666
四川,2029,口粮,grain_raw,robust_linear,82.88083333333333
四川,2030,口粮,grain_raw,robust_linear,75.877
四川,2031,口粮,grain_raw,robust_linear,68.87316666666666
四川,2032,口粮,grain_raw,robust_linear,61.86933333333332
四川,2033,口粮,grain_raw,robust_linear,54.86549999999999
四川,2034,口粮,grain_raw,robust_linear,47.86166666666665
四川,2035,口粮,grain_raw,robust_linear,40.85783333333332
四川,2025,口粮,grain_raw,exponential_decline,112.46194021910893
四川,2026,口粮,grain_raw,exponential_decline,107.91969087625688
四川,2027,口粮,grain_raw,exponential_decline,104.12568530737015
四川,2028,口粮,grain_raw,exponential_decline,100.95666547375059
四川,2029,口粮,grain_raw,exponential_decline,98.30967760735666
四川,2030,口粮,grain_raw,exponential_decline,96.09872749259074
四川,2031,口粮,grain_raw,exponential_decline,94.25198672281043
四川,2032,口粮,grain_raw,exponential_decline,92.7094591696142
四川,2033,口粮,grain_raw,exponential_decline,91.4210318541483
四川,2034,口粮,grain_raw,exponential_decline,90.34484689797102
四川,2035,口粮,grain_raw,exponential_decline,89.4459416621072
四川,2025,口粮,grain_raw,local_trend,109.9
四川,2026,口粮,grain_raw,local_trend,103.02000000000001
四川,2027,口粮,grain_raw,local_trend,97.10320000000002
四川,2028,口粮,grain_raw,local_trend,92.01475200000002
四川,2029,口粮,grain_raw,local_trend,87.63868672000001
四川,2030,口粮,grain_raw,local_trend,83.87527057920002
四川,2031,口粮,grain_raw,local_trend,80.63873269811202
四川,2032,口粮,grain_raw,local_trend,77.85531012037634
四川,2033,口粮,grain_raw,local_trend,75.46156670352366
四川,2034,口粮,grain_raw,local_trend,73.40294736503034
四川,2035,口粮,grain_raw,local_trend,71.6325347339261
天津,2025,口粮,grain_raw,robust_linear,87.40666666666667
天津,2026,口粮,grain_raw,robust_linear,82.91333333333334
天津,2027,口粮,grain_raw,robust_linear,78.42
天津,2028,口粮,grain_raw,robust_linear,73.92666666666668
天津,2029,口粮,grain_raw,robust_linear,69.43333333333334
天津,2030,口粮,grain_raw,robust_linear,64.94
天津,2031,口粮,grain_raw,robust_linear,60.44666666666667
天津,2032,口粮,grain_raw,robust_linear,55.95333333333334
天津,2033,口粮,grain_raw,robust_linear,51.46000000000001
天津,2034,口粮,grain_raw,robust_linear,46.966666666666676
天津,2035,口粮,grain_raw,robust_linear,42.47333333333334
天津,2025,口粮,grain_raw,exponential_decline,87.77710831145438
天津,2026,口粮,grain_raw,exponential_decline,84.31480405783331
天津,2027,口粮,grain_raw,exponential_decline,81.40724507976293
天津,2028,口粮,grain_raw,exponential_decline,78.96554770376945
天津,2029,口粮,grain_raw,exponential_decline,76.91506958074609
天津,2030,口粮,grain_raw,exponential_decline,75.19312787972481
天津,2031,口粮,grain_raw,exponential_decline,73.74708308245376
天津,2032,口粮,grain_raw,exponential_decline,72.53272980064723
天津,2033,口粮,grain_raw,exponential_decline,71.5129454234155
天津,2034,口粮,grain_raw,exponential_decline,70.65655528421412
天津,2035,口粮,grain_raw,exponential_decline,69.93737965562467
天津,2025,口粮,grain_raw,local_trend,86.80000000000001
天津,2026,口粮,grain_raw,local_trend,82.41400000000002
天津,2027,口粮,grain_raw,local_trend,78.64204000000001
天津,2028,口粮,grain_raw,local_trend,75.39815440000001
天津,2029,口粮,grain_raw,local_trend,72.60841278400001
天津,2030,口粮,grain_raw,local_trend,70.20923499424002
天津,2031,口粮,grain_raw,local_trend,68.14594209504642
天津,2032,口粮,grain_raw,local_trend,66.37151020173992
天津,2033,口粮,grain_raw,local_trend,64.84549877349633
天津,2034,口粮,grain_raw,local_trend,63.533128945206855
天津,2035,口粮,grain_raw,local_trend,62.4044908928779
宁夏,2025,口粮,grain_raw,robust_linear,104.41041666666666
宁夏,2026,口粮,grain_raw,robust_linear,101.12083333333334
宁夏,2027,口粮,grain_raw,robust_linear,97.83125000000001
宁夏,2028,口粮,grain_raw,robust_linear,94.54166666666667
宁夏,2029,口粮,grain_raw,robust_linear,91.25208333333333
宁夏,2030,口粮,grain_raw,robust_linear,87.9625
宁夏,2031,口粮,grain_raw,robust_linear,84.67291666666668
宁夏,2032,口粮,grain_raw,robust_linear,81.38333333333334
宁夏,2033,口粮,grain_raw,robust_linear,78.09375
宁夏,2034,口粮,grain_raw,robust_linear,74.80416666666667
宁夏,2035,口粮,grain_raw,robust_linear,71.51458333333335
宁夏,2025,口粮,grain_raw,exponential_decline,104.5834896023346
宁夏,2026,口粮,grain_raw,exponential_decline,101.78905895857412
宁夏,2027,口粮,grain_raw,exponential_decline,99.28342232452427
宁夏,2028,口粮,grain_raw,exponential_decline,97.03673391380603
宁夏,2029,口粮,grain_raw,exponential_decline,95.0222323910145
宁夏,2030,口粮,grain_raw,exponential_decline,93.21592210518716
宁夏,2031,口粮,grain_raw,exponential_decline,91.59628726660718
宁夏,2032,口粮,grain_raw,exponential_decline,90.14403566237047
宁夏,2033,口粮,grain_raw,exponential_decline,88.84186885799546
宁夏,2034,口粮,grain_raw,exponential_decline,87.6742761478415
宁夏,2035,口粮,grain_raw,exponential_decline,86.6273497999847
宁夏,2025,口粮,grain_raw,local_trend,103.26666666666667
宁夏,2026,口粮,grain_raw,local_trend,99.45400000000001
宁夏,2027,口粮,grain_raw,local_trend,96.17510666666668
宁夏,2028,口粮,grain_raw,local_trend,93.35525840000001
宁夏,2029,口粮,grain_raw,local_trend,90.93018889066667
宁夏,2030,口粮,grain_raw,local_trend,88.84462911264
宁夏,2031,口粮,grain_raw,local_trend,87.05104770353708
宁夏,2032,口粮,grain_raw,local_trend,85.50856769170855
宁夏,2033,口粮,grain_raw,local_trend,84.18203488153603
宁夏,2034,口粮,grain_raw,local_trend,83.04121666478765
宁夏,2035,口粮,grain_raw,local_trend,82.06011299838406
安徽,2025,口粮,grain_raw,robust_linear,129.97500000000002
安徽,2026,口粮,grain_raw,robust_linear,125.65000000000002
安徽,2027,口粮,grain_raw,robust_linear,121.32500000000002
安徽,2028,口粮,grain_raw,robust_linear,117.00000000000003
安徽,2029,口粮,grain_raw,robust_linear,112.67500000000004
安徽,2030,口粮,grain_raw,robust_linear,108.35000000000004
安徽,2031,口粮,grain_raw,robust_linear,104.02500000000003
安徽,2032,口粮,grain_raw,robust_linear,99.70000000000005
安徽,2033,口粮,grain_raw,robust_linear,95.37500000000006
安徽,2034,口粮,grain_raw,robust_linear,91.05000000000005
安徽,2035,口粮,grain_raw,robust_linear,86.72500000000005
安徽,2025,口粮,grain_raw,exponential_decline,130.21445114121082
安徽,2026,口粮,grain_raw,exponential_decline,126.57278350456698
安徽,2027,口粮,grain_raw,exponential_decline,123.3267708795437
安徽,2028,口粮,grain_raw,exponential_decline,120.4334266721297
安徽,2029,口粮,grain_raw,exponential_decline,117.85443463801334
安徽,2030,口粮,grain_raw,exponential_decline,115.55564146470462
安徽,2031,口粮,grain_raw,exponential_decline,113.50660448291288
安徽,2032,口粮,grain_raw,exponential_decline,111.68018851757085
安徽,2033,口粮,grain_raw,exponential_decline,110.05220653964713
安徽,2034,口粮,grain_raw,exponential_decline,108.60109935993731
安徽,2035,口粮,grain_raw,exponential_decline,107.3076501230539
安徽,2025,口粮,grain_raw,local_trend,128.53333333333336
安徽,2026,口粮,grain_raw,local_trend,123.57400000000003
安徽,2027,口粮,grain_raw,local_trend,119.30897333333336
安徽,2028,口粮,grain_raw,local_trend,115.64105040000003
安徽,2029,口粮,grain_raw,local_trend,112.48663667733337
安徽,2030,口粮,grain_raw,local_trend,109.77384087584004
安徽,2031,口粮,grain_raw,local_trend,107.44083648655578
安徽,2032,口粮,grain_raw,local_trend,105.43445271177131
安徽,2033,口粮,grain_raw,local_trend,103.70896266545667
安徽,2034,口粮,grain_raw,local_trend,102.22504122562609
安徽,2035,口粮,grain_raw,local_trend,100.94886878737177
山东,2025,口粮,grain_raw,robust_linear,91.44375
山东,2026,口粮,grain_raw,robust_linear,84.08749999999999
山东,2027,口粮,grain_raw,robust_linear,76.73124999999999
山东,2028,口粮,grain_raw,robust_linear,69.37499999999997
山东,2029,口粮,grain_raw,robust_linear,62.018749999999976
山东,2030,口粮,grain_raw,robust_linear,54.662499999999966
山东,2031,口粮,grain_raw,robust_linear,47.30624999999996
山东,2032,口粮,grain_raw,robust_linear,39.94999999999996
山东,2033,口粮,grain_raw,robust_linear,32.59374999999996
山东,2034,口粮,grain_raw,robust_linear,25.237499999999955
山东,2035,口粮,grain_raw,robust_linear,17.88124999999995
山东,2025,口粮,grain_raw,exponential_decline,94.24291512848143
山东,2026,口粮,grain_raw,exponential_decline,90.436517884429
山东,2027,口粮,grain_raw,exponential_decline,87.25714765367405
山东,2028,口粮,grain_raw,exponential_decline,84.60151440887665
山东,2029,口粮,grain_raw,exponential_decline,82.38334306706393
山东,2030,口粮,grain_raw,exponential_decline,80.5305706214416
山东,2031,口粮,grain_raw,exponential_decline,78.98300498908965
山东,2032,口粮,grain_raw,exponential_decline,77.69036951618222
山东,2033,口粮,grain_raw,exponential_decline,76.61066961144911
山东,2034,口粮,grain_raw,exponential_decline,75.70882844376197
山东,2035,口粮,grain_raw,exponential_decline,74.95554738096854
山东,2025,口粮,grain_raw,local_trend,90.8
山东,2026,口粮,grain_raw,local_trend,83.92
山东,2027,口粮,grain_raw,local_trend,78.00319999999999
山东,2028,口粮,grain_raw,local_trend,72.914752
山东,2029,口粮,grain_raw,local_trend,68.53868672
山东,2030,口粮,grain_raw,local_trend,64.7752705792
山东,2031,口粮,grain_raw,local_trend,61.53873269811201
山东,2032,口粮,grain_raw,local_trend,58.75531012037633
山东,2033,口粮,grain_raw,local_trend,56.36156670352364
山东,2034,口粮,grain_raw,local_trend,54.302947365030334
山东,2035,口粮,grain_raw,local_trend,52.53253473392609
山西,2025,口粮,grain_raw,robust_linear,108.8
山西,2026,口粮,grain_raw,robust_linear,100.8
山西,2027,口粮,grain_raw,robust_linear,92.8
山西,2028,口粮,grain_raw,robust_linear,84.8
山西,2029,口粮,grain_raw,robust_linear,76.8
山西,2030,口粮,grain_raw,robust_linear,68.8
山西,2031,口粮,grain_raw,robust_linear,60.8
山西,2032,口粮,grain_raw,robust_linear,52.8
山西,2033,口粮,grain_raw,robust_linear,44.8
山西,2034,口粮,grain_raw,robust_linear,36.8
山西,2035,口粮,grain_raw,robust_linear,28.799999999999997
山西,2025,口粮,grain_raw,exponential_decline,111.41267699399424
山西,2026,口粮,grain_raw,exponential_decline,106.91280656782699
山西,2027,口粮,grain_raw,exponential_decline,103.15419884563894
山西,2028,口粮,grain_raw,exponential_decline,100.01474577891491
山西,2029,口粮,grain_raw,exponential_decline,97.39245415215655
山西,2030,口粮,grain_raw,exponential_decline,95.20213207069207
山西,2031,口粮,grain_raw,exponential_decline,93.37262128264848
山西,2032,口粮,grain_raw,exponential_decline,91.8444854199401
山西,2033,口粮,grain_raw,exponential_decline,90.56807905483052
山西,2034,口粮,grain_raw,exponential_decline,89.50193484039876
山西,2035,口粮,grain_raw,exponential_decline,88.61141633701543
山西,2025,口粮,grain_raw,local_trend,108.8
山西,2026,口粮,grain_raw,local_trend,101.92
山西,2027,口粮,grain_raw,local_trend,96.00319999999999
山西,2028,口粮,grain_raw,local_trend,90.914752
山西,2029,口粮,grain_raw,local_trend,86.53868672
山西,2030,口粮,grain_raw,local_trend,82.7752705792
山西,2031,口粮,grain_raw,local_trend,79.538732698112
山西,2032,口粮,grain_raw,local_trend,76.75531012037632
山西,2033,口粮,grain_raw,local_trend,74.36156670352364
山西,2034,口粮,grain_raw,local_trend,72.30294736503033
山西,2035,口粮,grain_raw,local_trend,70.5325347339261
广东,2025,口粮,grain_raw,robust_linear,101.55833333333334
广东,2026,口粮,grain_raw,robust_linear,97.31666666666666
广东,2027,口粮,grain_raw,robust_linear,93.075
广东,2028,口粮,grain_raw,robust_linear,88.83333333333334
广东,2029,口粮,grain_raw,robust_linear,84.59166666666668
广东,2030,口粮,grain_raw,robust_linear,80.35000000000002
广东,2031,口粮,grain_raw,robust_linear,76.10833333333335
广东,2032,口粮,grain_raw,robust_linear,71.86666666666669
广东,2033,口粮,grain_raw,robust_linear,67.62500000000003
广东,2034,口粮,grain_raw,robust_linear,63.38333333333336
广东,2035,口粮,grain_raw,robust_linear,59.141666666666694
广东,2025,口粮,grain_raw,exponential_decline,101.84801244957094
广东,2026,口粮,grain_raw,exponential_decline,98.42323950887544
广东,2027,口粮,grain_raw,exponential_decline,95.45534815151355
广东,2028,口粮,grain_raw,exponential_decline,92.88338812332124
广东,2029,口粮,grain_raw,exponential_decline,90.65454023432747
广东,2030,口粮,grain_raw,exponential_decline,88.72303163473092
广东,2031,口粮,grain_raw,exponential_decline,87.04919579840578
广东,2032,口粮,grain_raw,exponential_decline,85.59865790923898
广东,2033,口粮,grain_raw,exponential_decline,84.34162892094355
广东,2034,口粮,grain_raw,exponential_decline,83.2522937927707
广东,2035,口粮,grain_raw,exponential_decline,82.30828133759219
广东,2025,口粮,grain_raw,local_trend,100.7
广东,2026,口粮,grain_raw,local_trend,96.31400000000001
广东,2027,口粮,grain_raw,local_trend,92.54204000000001
广东,2028,口粮,grain_raw,local_trend,89.29815440000002
广东,2029,口粮,grain_raw,local_trend,86.50841278400003
广东,2030,口粮,grain_raw,local_trend,84.10923499424003
广东,2031,口粮,grain_raw,local_trend,82.04594209504643
广东,2032,口粮,grain_raw,local_trend,80.27151020173994
广东,2033,口粮,grain_raw,local_trend,78.74549877349635
广东,2034,口粮,grain_raw,local_trend,77.43312894520687
广东,2035,口粮,grain_raw,local_trend,76.30449089287791
广西,2025,口粮,grain_raw,robust_linear,111.15714285714286
广西,2026,口粮,grain_raw,robust_linear,103.61428571428573
广西,2027,口粮,grain_raw,robust_linear,96.07142857142858
广西,2028,口粮,grain_raw,robust_linear,88.52857142857144
广西,2029,口粮,grain_raw,robust_linear,80.98571428571431
广西,2030,口粮,grain_raw,robust_linear,73.44285714285716
广西,2031,口粮,grain_raw,robust_linear,65.90000000000003
广西,2032,口粮,grain_raw,robust_linear,58.35714285714289
广西,2033,口粮,grain_raw,robust_linear,50.814285714285745
广西,2034,口粮,grain_raw,robust_linear,43.271428571428615
广西,2035,口粮,grain_raw,robust_linear,35.72857142857147
广西,2025,口粮,grain_raw,exponential_decline,113.22504074646504
广西,2026,口粮,grain_raw,exponential_decline,108.65197037329679
广西,2027,口粮,grain_raw,exponential_decline,104.83222091590193
广西,2028,口粮,grain_raw,exponential_decline,101.64169797908562
广西,2029,口粮,grain_raw,exponential_decline,98.97674921113855
广西,2030,口粮,grain_raw,exponential_decline,96.7507968903352
广西,2031,口粮,grain_raw,exponential_decline,94.89152522474637
广西,2032,口粮,grain_raw,exponential_decline,93.338530987559
广西,2033,口粮,grain_raw,exponential_decline,92.04136116274302
广西,2034,口粮,grain_raw,exponential_decline,90.95787384893265
广西,2035,口粮,grain_raw,exponential_decline,90.05286917126483
广西,2025,口粮,grain_raw,local_trend,110.7
广西,2026,口粮,grain_raw,local_trend,103.82000000000001
广西,2027,口粮,grain_raw,local_trend,97.9032
广西,2028,口粮,grain_raw,local_trend,92.814752
广西,2029,口粮,grain_raw,local_trend,88.43868672
广西,2030,口粮,grain_raw,local_trend,84.6752705792
广西,2031,口粮,grain_raw,local_trend,81.438732698112
广西,2032,口粮,grain_raw,local_trend,78.65531012037633
广西,2033,口粮,grain_raw,local_trend,76.26156670352364
广西,2034,口粮,grain_raw,local_trend,74.20294736503034
广西,2035,口粮,grain_raw,local_trend,72.4325347339261
新疆,2025,口粮,grain_raw,robust_linear,119.83333333333333
新疆,2026,口粮,grain_raw,robust_linear,115.36666666666666
新疆,2027,口粮,grain_raw,robust_linear,110.89999999999999
新疆,2028,口粮,grain_raw,robust_linear,106.43333333333332
新疆,2029,口粮,grain_raw,robust_linear,101.96666666666665
新疆,2030,口粮,grain_raw,robust_linear,97.49999999999999
新疆,2031,口粮,grain_raw,robust_linear,93.03333333333332
新疆,2032,口粮,grain_raw,robust_linear,88.56666666666665
新疆,2033,口粮,grain_raw,robust_linear,84.09999999999998
新疆,2034,口粮,grain_raw,robust_linear,79.63333333333331
新疆,2035,口粮,grain_raw,robust_linear,75.16666666666664
新疆,2025,口粮,grain_raw,exponential_decline,120.10807637087905
新疆,2026,口粮,grain_raw,exponential_decline,116.42104366557095
新疆,2027,口粮,grain_raw,exponential_decline,113.17809093724028
新疆,2028,口粮,grain_raw,exponential_decline,110.32573153640105
新疆,2029,口粮,grain_raw,exponential_decline,107.81692094521367
新疆,2030,口粮,grain_raw,exponential_decline,105.61028086311109
新疆,2031,口粮,grain_raw,exponential_decline,103.6694167464473
新疆,2032,口粮,grain_raw,exponential_decline,101.96231754621712
新疆,2033,口粮,grain_raw,exponential_decline,100.46082774360498
新疆,2034,口粮,grain_raw,exponential_decline,99.14018297554216
新疆,2035,口粮,grain_raw,exponential_decline,97.97860159125469
新疆,2025,口粮,grain_raw,local_trend,119.83333333333333
新疆,2026,口粮,grain_raw,local_trend,115.99199999999999
新疆,2027,口粮,grain_raw,local_trend,112.68845333333333
新疆,2028,口粮,grain_raw,local_trend,109.84740319999999
新疆,2029,口粮,grain_raw,local_trend,107.40410008533333
新疆,2030,口粮,grain_raw,local_trend,105.30285940671999
新疆,2031,口粮,grain_raw,local_trend,103.49579242311253
新疆,2032,口粮,grain_raw,local_trend,101.94171481721011
新疆,2033,口粮,grain_raw,local_trend,100.60520807613402
新疆,2034,口粮,grain_raw,local_trend,99.4558122788086
新疆,2035,口粮,grain_raw,local_trend,98.46733189310872
江苏,2025,口粮,grain_raw,robust_linear,131.14658333333335
江苏,2026,口粮,grain_raw,robust_linear,130.9931666666667
江苏,2027,口粮,grain_raw,robust_linear,130.83975
江苏,2028,口粮,grain_raw,robust_linear,130.68633333333335
江苏,2029,口粮,grain_raw,robust_linear,130.5329166666667
江苏,2030,口粮,grain_raw,robust_linear,130.37950000000004
江苏,2031,口粮,grain_raw,robust_linear,130.22608333333338
江苏,2032,口粮,grain_raw,robust_linear,130.0726666666667
江苏,2033,口粮,grain_raw,robust_linear,129.91925000000003
江苏,2034,口粮,grain_raw,robust_linear,129.76583333333338
江苏,2035,口粮,grain_raw,robust_linear,129.61241666666672
江苏,2025,口粮,grain_raw,exponential_decline,130.39229360580964
江苏,2026,口粮,grain_raw,exponential_decline,129.50699856234425
江苏,2027,口粮,grain_raw,exponential_decline,128.64356153138294
江苏,2028,口粮,grain_raw,exponential_decline,127.80144283667403
江苏,2029,口粮,grain_raw,exponential_decline,126.98011612662008
江苏,2030,口粮,grain_raw,exponential_decline,126.17906804529083
江苏,2031,口粮,grain_raw,exponential_decline,125.39779791155915
江苏,2032,口粮,grain_raw,exponential_decline,124.63581740615894
江苏,2033,口粮,grain_raw,exponential_decline,123.89265026646974
江苏,2034,口粮,grain_raw,exponential_decline,123.16783198883714
江苏,2035,口粮,grain_raw,exponential_decline,122.46090953824275
江苏,2025,口粮,grain_raw,local_trend,130.36666666666667
江苏,2026,口粮,grain_raw,local_trend,129.56400000000002
江苏,2027,口粮,grain_raw,local_trend,128.8737066666667
江苏,2028,口粮,grain_raw,local_trend,128.28005440000004
江苏,2029,口粮,grain_raw,local_trend,127.7695134506667
江苏,2030,口粮,grain_raw,local_trend,127.33044823424004
江苏,2031,口粮,grain_raw,local_trend,126.95285214811311
江苏,2032,口粮,grain_raw,local_trend,126.62811951404395
江苏,2033,口粮,grain_raw,local_trend,126.34884944874446
江苏,2034,口粮,grain_raw,local_trend,126.10867719258691
江苏,2035,口粮,grain_raw,local_trend,125.90212905229143
江西,2025,口粮,grain_raw,robust_linear,135.78214285714284
江西,2026,口粮,grain_raw,robust_linear,128.3642857142857
江西,2027,口粮,grain_raw,robust_linear,120.94642857142854
江西,2028,口粮,grain_raw,robust_linear,113.52857142857138
江西,2029,口粮,grain_raw,robust_linear,106.11071428571424
江西,2030,口粮,grain_raw,robust_linear,98.6928571428571
江西,2031,口粮,grain_raw,robust_linear,91.27499999999995
江西,2032,口粮,grain_raw,robust_linear,83.85714285714279
江西,2033,口粮,grain_raw,robust_linear,76.43928571428565
江西,2034,口粮,grain_raw,robust_linear,69.02142857142849
江西,2035,口粮,grain_raw,robust_linear,61.60357142857134
江西,2025,口粮,grain_raw,exponential_decline,136.59499439674636
江西,2026,口粮,grain_raw,exponential_decline,131.07802997014406
江西,2027,口粮,grain_raw,exponential_decline,126.46987392718748
江西,2028,口粮,grain_raw,exponential_decline,122.62081845497102
江西,2029,口粮,grain_raw,exponential_decline,119.40581707695905
江西,2030,口粮,grain_raw,exponential_decline,116.72042219625946
江西,2031,口粮,grain_raw,exponential_decline,114.47739184653477
江西,2032,口粮,grain_raw,exponential_decline,112.60385541211834
江西,2033,口粮,grain_raw,exponential_decline,111.0389462384566
江西,2034,口粮,grain_raw,exponential_decline,109.73182422213272
江西,2035,口粮,grain_raw,exponential_decline,108.64002413921754
江西,2025,口粮,grain_raw,local_trend,135.2
江西,2026,口粮,grain_raw,local_trend,128.32
江西,2027,口粮,grain_raw,local_trend,122.4032
江西,2028,口粮,grain_raw,local_trend,117.314752
江西,2029,口粮,grain_raw,local_trend,112.93868671999999
江西,2030,口粮,grain_raw,local_trend,109.1752705792
江西,2031,口粮,grain_raw,local_trend,105.938732698112
江西,2032,口粮,grain_raw,local_trend,103.15531012037633
江西,2033,口粮,grain_raw,local_trend,100.76156670352364
江西,2034,口粮,grain_raw,local_trend,98.70294736503033
江西,2035,口粮,grain_raw,local_trend,96.93253473392608
河北,2025,口粮,grain_raw,robust_linear,139.3
河北,2026,口粮,grain_raw,robust_linear,131.3
河北,2027,口粮,grain_raw,robust_linear,123.30000000000001
河北,2028,口粮,grain_raw,robust_linear,115.30000000000001
河北,2029,口粮,grain_raw,robust_linear,107.30000000000001
河北,2030,口粮,grain_raw,robust_linear,99.30000000000001
河北,2031,口粮,grain_raw,robust_linear,91.30000000000001
河北,2032,口粮,grain_raw,robust_linear,83.30000000000001
河北,2033,口粮,grain_raw,robust_linear,75.30000000000001
河北,2034,口粮,grain_raw,robust_linear,67.30000000000001
河北,2035,口粮,grain_raw,robust_linear,59.30000000000001
河北,2025,口粮,grain_raw,exponential_decline,140.50588459944652
河北,2026,口粮,grain_raw,exponential_decline,134.83096239247362
河北,2027,口粮,grain_raw,exponential_decline,130.09086892091284
河北,2028,口粮,grain_raw,exponential_decline,126.13161004481307
河北,2029,口粮,grain_raw,exponential_decline,122.82455904634128
河北,2030,口粮,grain_raw,exponential_decline,120.06227785969988
河北,2031,口粮,grain_raw,exponential_decline,117.75502666895653
河北,2032,口粮,grain_raw,exponential_decline,115.82784847908543
河北,2033,口粮,grain_raw,exponential_decline,114.21813394500461
河北,2034,口粮,grain_raw,exponential_decline,112.87358734581112
河北,2035,口粮,grain_raw,exponential_decline,111.75052762365047
河北,2025,口粮,grain_raw,local_trend,139.3
河北,2026,口粮,grain_raw,local_trend,132.42000000000002
河北,2027,口粮,grain_raw,local_trend,126.50320000000002
河北,2028,口粮,grain_raw,local_trend,121.41475200000002
河北,2029,口粮,grain_raw,local_trend,117.03868672000002
河北,2030,口粮,grain_raw,local_trend,113.27527057920003
河北,2031,口粮,grain_raw,local_trend,110.03873269811203
河北,2032,口粮,grain_raw,local_trend,107.25531012037635
河北,2033,口粮,grain_raw,local_trend,104.86156670352366
河北,2034,口粮,grain_raw,local_trend,102.80294736503035
河北,2035,口粮,grain_raw,local_trend,101.0325347339261
河南,2025,口粮,grain_raw,robust_linear,140.0275
河南,2026,口粮,grain_raw,robust_linear,138.15499999999997
河南,2027,口粮,grain_raw,robust_linear,136.28249999999997
河南,2028,口粮,grain_raw,robust_linear,134.40999999999997
河南,2029,口粮,grain_raw,robust_linear,132.53749999999997
河南,2030,口粮,grain_raw,robust_linear,130.66499999999994
河南,2031,口粮,grain_raw,robust_linear,128.79249999999993
河南,2032,口粮,grain_raw,robust_linear,126.91999999999993
河南,2033,口粮,grain_raw,robust_linear,125.04749999999991
河南,2034,口粮,grain_raw,robust_linear,123.1749999999999
河南,2035,口粮,grain_raw,robust_linear,121.3024999999999
河南,2025,口粮,grain_raw,exponential_decline,140.0709387634695
河南,2026,口粮,grain_raw,exponential_decline,138.3260782972747
河南,2027,口粮,grain_raw,exponential_decline,136.66154242188512
河南,2028,口粮,grain_raw,exponential_decline,135.07363339755986
河南,2029,口粮,grain_raw,exponential_decline,133.5588237098784
河南,2030,口粮,grain_raw,exponential_decline,132.11374823342362
河南,2031,口粮,grain_raw,exponential_decline,130.73519675620986
河南,2032,口粮,grain_raw,exponential_decline,129.42010684824845
河南,2033,口粮,grain_raw,exponential_decline,128.16555705840855
河南,2034,口粮,grain_raw,exponential_decline,126.96876042446047
河南,2035,口粮,grain_raw,exponential_decline,125.82705828188371
河南,2025,口粮,grain_raw,local_trend,137.7
河南,2026,口粮,grain_raw,local_trend,134.08799999999997
河南,2027,口粮,grain_raw,local_trend,130.98167999999995
河南,2028,口粮,grain_raw,local_trend,128.31024479999996
河南,2029,口粮,grain_raw,local_trend,126.01281052799995
河南,2030,口粮,grain_raw,local_trend,124.03701705407994
河南,2031,口粮,grain_raw,local_trend,122.33783466650873
河南,2032,口粮,grain_raw,local_trend,120.8765378131975
河南,2033,口粮,grain_raw,local_trend,119.61982251934982
河南,2034,口粮,grain_raw,local_trend,118.53904736664083
河南,2035,口粮,grain_raw,local_trend,117.60958073531111
浙江,2025,口粮,grain_raw,robust_linear,122.65625
浙江,2026,口粮,grain_raw,robust_linear,116.8125
浙江,2027,口粮,grain_raw,robust_linear,110.96875
浙江,2028,口粮,grain_raw,robust_linear,105.125
浙江,2029,口粮,grain_raw,robust_linear,99.28125
浙江,2030,口粮,grain_raw,robust_linear,93.43750000000001
浙江,2031,口粮,grain_raw,robust_linear,87.59375000000001
浙江,2032,口粮,grain_raw,robust_linear,81.75000000000001
浙江,2033,口粮,grain_raw,robust_linear,75.90625000000001
浙江,2034,口粮,grain_raw,robust_linear,70.06250000000001
浙江,2035,口粮,grain_raw,robust_linear,64.21875000000001
浙江,2025,口粮,grain_raw,exponential_decline,123.10612908089453
浙江,2026,口粮,grain_raw,exponential_decline,118.5208697096482
浙江,2027,口粮,grain_raw,exponential_decline,114.62300047678767
浙江,2028,口粮,grain_raw,exponential_decline,111.30947264197057
浙江,2029,口粮,grain_raw,exponential_decline,108.49268581404247
浙江,2030,口粮,grain_raw,exponential_decline,106.09817204215886
浙江,2031,口粮,grain_raw,exponential_decline,104.06262709183058
浙江,2032,口粮,grain_raw,exponential_decline,102.33223685834798
浙江,2033,口粮,grain_raw,exponential_decline,100.86125467264432
浙江,2034,口粮,grain_raw,exponential_decline,99.6107918875518
浙江,2035,口粮,grain_raw,exponential_decline,98.54778977093994
浙江,2025,口粮,grain_raw,local_trend,120.63333333333334
浙江,2026,口粮,grain_raw,local_trend,113.86800000000001
浙江,2027,口粮,grain_raw,local_trend,108.04981333333333
浙江,2028,口粮,grain_raw,local_trend,103.04617280000001
浙江,2029,口粮,grain_raw,local_trend,98.74304194133335
浙江,2030,口粮,grain_raw,local_trend,95.04234940288
浙江,2031,口粮,grain_raw,local_trend,91.85975381981015
浙江,2032,口粮,grain_raw,local_trend,89.12272161837006
浙江,2033,口粮,grain_raw,local_trend,86.7688739251316
浙江,2034,口粮,grain_raw,local_trend,84.7445649089465
浙江,2035,口粮,grain_raw,local_trend,83.00365915502734
海南,2025,口粮,grain_raw,robust_linear,96.65762152777778
海南,2026,口粮,grain_raw,robust_linear,93.11524305555557
海南,2027,口粮,grain_raw,robust_linear,89.57286458333334
海南,2028,口粮,grain_raw,robust_linear,86.03048611111112
海南,2029,口粮,grain_raw,robust_linear,82.48810763888889
海南,2030,口粮,grain_raw,robust_linear,78.94572916666667
海南,2031,口粮,grain_raw,robust_linear,75.40335069444446
海南,2032,口粮,grain_raw,robust_linear,71.86097222222223
海南,2033,口粮,grain_raw,robust_linear,68.31859375
海南,2034,口粮,grain_raw,robust_linear,64.7762152777778
海南,2035,口粮,grain_raw,robust_linear,61.23383680555557
海南,2025,口粮,grain_raw,exponential_decline,96.87213138349526
海南,2026,口粮,grain_raw,exponential_decline,93.93899863556469
海南,2027,口粮,grain_raw,exponential_decline,91.3537800742566
海南,2028,口粮,grain_raw,exponential_decline,89.07520778173178
海南,2029,口粮,grain_raw,exponential_decline,87.06690884331054
海南,2030,口粮,grain_raw,exponential_decline,85.29682472559546
海南,2031,口粮,grain_raw,exponential_decline,83.73669952518568
海南,2032,口粮,grain_raw,exponential_decline,82.36162891888276
海南,2033,口粮,grain_raw,exponential_decline,81.14966261526709
海南,2034,口粮,grain_raw,exponential_decline,80.08145396156814
海南,2035,口粮,grain_raw,exponential_decline,79.13995111249295
海南,2025,口粮,grain_raw,local_trend,95.5
海南,2026,口粮,grain_raw,local_trend,91.458
海南,2027,口粮,grain_raw,local_trend,87.98188
海南,2028,口粮,grain_raw,local_trend,84.99241680000002
海南,2029,口粮,grain_raw,local_trend,82.42147844800002
海南,2030,口粮,grain_raw,local_trend,80.21047146528002
海南,2031,口粮,grain_raw,local_trend,78.30900546014081
海南,2032,口粮,grain_raw,local_trend,76.6737446957211
海南,2033,口粮,grain_raw,local_trend,75.26742043832016
海南,2034,口粮,grain_raw,local_trend,74.05798157695534
海南,2035,口粮,grain_raw,local_trend,73.01786415618159
湖北,2025,口粮,grain_raw,robust_linear,91.3
湖北,2026,口粮,grain_raw,robust_linear,83.3
湖北,2027,口粮,grain_raw,robust_linear,75.3
湖北,2028,口粮,grain_raw,robust_linear,67.3
湖北,2029,口粮,grain_raw,robust_linear,59.3
湖北,2030,口粮,grain_raw,robust_linear,51.3
湖北,2031,口粮,grain_raw,robust_linear,43.3
湖北,2032,口粮,grain_raw,robust_linear,35.3
湖北,2033,口粮,grain_raw,robust_linear,27.299999999999997
湖北,2034,口粮,grain_raw,robust_linear,19.299999999999997
湖北,2035,口粮,grain_raw,robust_linear,11.299999999999997
湖北,2025,口粮,grain_raw,exponential_decline,94.719852958079
湖北,2026,口粮,grain_raw,exponential_decline,90.89419257007894
湖北,2027,口粮,grain_raw,exponential_decline,87.6987324090064
湖北,2028,口粮,grain_raw,exponential_decline,85.02965972471105
湖北,2029,口粮,grain_raw,exponential_decline,82.80026281942762
湖北,2030,口粮,grain_raw,exponential_decline,80.93811399503188
湖北,2031,口粮,grain_raw,exponential_decline,79.38271655279961
湖北,2032,口粮,grain_raw,exponential_decline,78.0835394023977
湖北,2033,口粮,grain_raw,exponential_decline,76.99837542932082
湖北,2034,口粮,grain_raw,exponential_decline,76.09197028811299
湖北,2035,口粮,grain_raw,exponential_decline,75.33487707419206
湖北,2025,口粮,grain_raw,local_trend,91.3
湖北,2026,口粮,grain_raw,local_trend,84.42
湖北,2027,口粮,grain_raw,local_trend,78.50319999999999
湖北,2028,口粮,grain_raw,local_trend,73.414752
湖北,2029,口粮,grain_raw,local_trend,69.03868672
湖北,2030,口粮,grain_raw,local_trend,65.2752705792
湖北,2031,口粮,grain_raw,local_trend,62.03873269811201
湖北,2032,口粮,grain_raw,local_trend,59.25531012037633
湖北,2033,口粮,grain_raw,local_trend,56.86156670352364
湖北,2034,口粮,grain_raw,local_trend,54.802947365030334
湖北,2035,口粮,grain_raw,local_trend,53.03253473392609
湖南,2025,口粮,grain_raw,robust_linear,132.85714285714286
湖南,2026,口粮,grain_raw,robust_linear,127.1142857142857
湖南,2027,口粮,grain_raw,robust_linear,121.37142857142857
湖南,2028,口粮,grain_raw,robust_linear,115.6285714285714
湖南,2029,口粮,grain_raw,robust_linear,109.88571428571427
湖南,2030,口粮,grain_raw,robust_linear,104.14285714285712
湖南,2031,口粮,grain_raw,robust_linear,98.39999999999998
湖南,2032,口粮,grain_raw,robust_linear,92.65714285714283
湖南,2033,口粮,grain_raw,robust_linear,86.91428571428568
湖南,2034,口粮,grain_raw,robust_linear,81.17142857142854
湖南,2035,口粮,grain_raw,robust_linear,75.42857142857139
湖南,2025,口粮,grain_raw,exponential_decline,133.2618535787575
湖南,2026,口粮,grain_raw,exponential_decline,128.65798378126846
湖南,2027,口粮,grain_raw,exponential_decline,124.68738885193372
湖南,2028,口粮,grain_raw,exponential_decline,121.26296010256786
湖南,2029,口粮,grain_raw,exponential_decline,118.30957088302128
湖南,2030,口粮,grain_raw,exponential_decline,115.76242841911424
湖南,2031,口粮,grain_raw,exponential_decline,113.56565235976555
湖南,2032,口粮,grain_raw,exponential_decline,111.67104884884716
湖南,2033,口粮,grain_raw,exponential_decline,110.03705322680432
湖南,2034,口粮,grain_raw,exponential_decline,108.62781816655632
湖南,2035,口粮,grain_raw,exponential_decline,107.41242723879523
湖南,2025,口粮,grain_raw,local_trend,130.96666666666667
湖南,2026,口粮,grain_raw,local_trend,124.40199999999999
湖南,2027,口粮,grain_raw,local_trend,118.75638666666666
湖南,2028,口粮,grain_raw,local_trend,113.9011592
湖南,2029,口粮,grain_raw,local_trend,109.72566357866665
湖南,2030,口粮,grain_raw,local_trend,106.13473734432
湖南,2031,口粮,grain_raw,local_trend,103.04654078278186
湖南,2032,口粮,grain_raw,local_trend,100.39069173985907
湖南,2033,口粮,grain_raw,local_trend,98.10666156294546
湖南,2034,口粮,grain_raw,local_trend,96.14239561079975
湖南,2035,口粮,grain_raw,local_trend,94.45312689195447
甘肃,2025,口粮,grain_raw,robust_linear,123.4
甘肃,2026,口粮,grain_raw,robust_linear,115.4
甘肃,2027,口粮,grain_raw,robust_linear,107.4
甘肃,2028,口粮,grain_raw,robust_linear,99.4
甘肃,2029,口粮,grain_raw,robust_linear,91.4
甘肃,2030,口粮,grain_raw,robust_linear,83.4
甘肃,2031,口粮,grain_raw,robust_linear,75.4
甘肃,2032,口粮,grain_raw,robust_linear,67.4
甘肃,2033,口粮,grain_raw,robust_linear,59.400000000000006
甘肃,2034,口粮,grain_raw,robust_linear,51.400000000000006
甘肃,2035,口粮,grain_raw,robust_linear,43.400000000000006
甘肃,2025,口粮,grain_raw,exponential_decline,125.33926161824353
甘肃,2026,口粮,grain_raw,exponential_decline,120.27690738880538
甘肃,2027,口粮,grain_raw,exponential_decline,116.04847370134382
甘肃,2028,口粮,grain_raw,exponential_decline,112.51658900127929
甘肃,2029,口粮,grain_raw,exponential_decline,109.56651092117613
甘肃,2030,口粮,grain_raw,exponential_decline,107.1023985795286
甘肃,2031,口粮,grain_raw,exponential_decline,105.04419894297956
甘肃,2032,口粮,grain_raw,exponential_decline,103.32504609743263
甘肃,2033,口粮,grain_raw,exponential_decline,101.88908893668436
甘肃,2034,口粮,grain_raw,exponential_decline,100.68967669544861
甘肃,2035,口粮,grain_raw,exponential_decline,99.68784337914238
甘肃,2025,口粮,grain_raw,local_trend,123.4
甘肃,2026,口粮,grain_raw,local_trend,116.52000000000001
甘肃,2027,口粮,grain_raw,local_trend,110.60320000000002
甘肃,2028,口粮,grain_raw,local_trend,105.51475200000002
甘肃,2029,口粮,grain_raw,local_trend,101.13868672000001
甘肃,2030,口粮,grain_raw,local_trend,97.37527057920002
甘肃,2031,口粮,grain_raw,local_trend,94.13873269811202
甘肃,2032,口粮,grain_raw,local_trend,91.35531012037634
甘肃,2033,口粮,grain_raw,local_trend,88.96156670352366
甘肃,2034,口粮,grain_raw,local_trend,86.90294736503034
甘肃,2035,口粮,grain_raw,local_trend,85.1325347339261
福建,2025,口粮,grain_raw,robust_linear,113.81666666666666
福建,2026,口粮,grain_raw,robust_linear,110.63333333333334
福建,2027,口粮,grain_raw,robust_linear,107.45
福建,2028,口粮,grain_raw,robust_linear,104.26666666666668
福建,2029,口粮,grain_raw,robust_linear,101.08333333333334
福建,2030,口粮,grain_raw,robust_linear,97.9
福建,2031,口粮,grain_raw,robust_linear,94.71666666666668
福建,2032,口粮,grain_raw,robust_linear,91.53333333333335
福建,2033,口粮,grain_raw,robust_linear,88.35000000000002
福建,2034,口粮,grain_raw,robust_linear,85.16666666666669
福建,2035,口粮,grain_raw,robust_linear,81.98333333333335
福建,2025,口粮,grain_raw,exponential_decline,113.96644078297675
福建,2026,口粮,grain_raw,exponential_decline,111.21378759535479
福建,2027,口粮,grain_raw,exponential_decline,108.71602868271998
福建,2028,口粮,grain_raw,exponential_decline,106.44956096579108
福建,2029,口粮,grain_raw,exponential_decline,104.39296699833639
福建,2030,口粮,grain_raw,exponential_decline,102.52681257867312
福建,2031,口粮,grain_raw,exponential_decline,100.83346310223811
福建,2032,口粮,grain_raw,exponential_decline,99.29691691981655
福建,2033,口粮,grain_raw,exponential_decline,97.90265412671329
福建,2034,口粮,grain_raw,exponential_decline,96.63749935396933
福建,2035,口粮,grain_raw,exponential_decline,95.48949726504156
福建,2025,口粮,grain_raw,local_trend,112.93333333333334
福建,2026,口粮,grain_raw,local_trend,109.436
福建,2027,口粮,grain_raw,local_trend,106.42829333333334
福建,2028,口粮,grain_raw,local_trend,103.84166560000001
福建,2029,口粮,grain_raw,local_trend,101.61716574933335
福建,2030,口粮,grain_raw,local_trend,99.70409587776001
福建,2031,口粮,grain_raw,local_trend,98.05885578820696
福建,2032,口粮,grain_raw,local_trend,96.64394931119132
福建,2033,口粮,grain_raw,local_trend,95.42712974095787
福建,2034,口粮,grain_raw,local_trend,94.3806649105571
福建,2035,口粮,grain_raw,local_trend,93.48070515641245
西藏,2025,口粮,grain_raw,robust_linear,116.0
西藏,2026,口粮,grain_raw,robust_linear,108.0
西藏,2027,口粮,grain_raw,robust_linear,100.0
西藏,2028,口粮,grain_raw,robust_linear,92.0
西藏,2029,口粮,grain_raw,robust_linear,84.0
西藏,2030,口粮,grain_raw,robust_linear,76.0
西藏,2031,口粮,grain_raw,robust_linear,68.0
西藏,2032,口粮,grain_raw,robust_linear,60.0
西藏,2033,口粮,grain_raw,robust_linear,52.0
西藏,2034,口粮,grain_raw,robust_linear,44.0
西藏,2035,口粮,grain_raw,robust_linear,36.0
西藏,2025,口粮,grain_raw,exponential_decline,118.28058174019937
西藏,2026,口粮,grain_raw,exponential_decline,113.5033220411862
西藏,2027,口粮,grain_raw,exponential_decline,109.51301932242492
西藏,2028,口粮,grain_raw,exponential_decline,106.18003832693022
西藏,2029,口粮,grain_raw,exponential_decline,103.3960985861936
西藏,2030,口粮,grain_raw,exponential_decline,101.07075665039228
西藏,2031,口粮,grain_raw,exponential_decline,99.12846780007203
西藏,2032,口粮,grain_raw,exponential_decline,97.50613178144327
西藏,2033,口粮,grain_raw,exponential_decline,96.15104283218311
西藏,2034,口粮,grain_raw,exponential_decline,95.01917739905349
西藏,2035,口粮,grain_raw,exponential_decline,94.0737639194342
西藏,2025,口粮,grain_raw,local_trend,116.0
西藏,2026,口粮,grain_raw,local_trend,109.12
西藏,2027,口粮,grain_raw,local_trend,103.20320000000001
西藏,2028,口粮,grain_raw,local_trend,98.11475200000001
西藏,2029,口粮,grain_raw,local_trend,93.73868672
西藏,2030,口粮,grain_raw,local_trend,89.97527057920001
西藏,2031,口粮,grain_raw,local_trend,86.73873269811202
西藏,2032,口粮,grain_raw,local_trend,83.95531012037634
西藏,2033,口粮,grain_raw,local_trend,81.56156670352365
西藏,2034,口粮,grain_raw,local_trend,79.50294736503034
西藏,2035,口粮,grain_raw,local_trend,77.73253473392609
贵州,2025,口粮,grain_raw,robust_linear,116.6836111111111
贵州,2026,口粮,grain_raw,robust_linear,113.86722222222221
贵州,2027,口粮,grain_raw,robust_linear,111.05083333333333
贵州,2028,口粮,grain_raw,robust_linear,108.23444444444443
贵州,2029,口粮,grain_raw,robust_linear,105.41805555555554
贵州,2030,口粮,grain_raw,robust_linear,102.60166666666666
贵州,2031,口粮,grain_raw,robust_linear,99.78527777777776
贵州,2032,口粮,grain_raw,robust_linear,96.96888888888887
贵州,2033,口粮,grain_raw,robust_linear,94.15249999999997
贵州,2034,口粮,grain_raw,robust_linear,91.33611111111108
贵州,2035,口粮,grain_raw,robust_linear,88.5197222222222
贵州,2025,口粮,grain_raw,exponential_decline,116.79888457486334
贵州,2026,口粮,grain_raw,exponential_decline,114.31582128779934
贵州,2027,口粮,grain_raw,exponential_decline,112.03320750899232
贵州,2028,口粮,grain_raw,exponential_decline,109.93486161086568
贵州,2029,口粮,grain_raw,exponential_decline,108.00590825525853
贵州,2030,口粮,grain_raw,exponential_decline,106.23267294099028
贵州,2031,口粮,grain_raw,exponential_decline,104.60258506425242
贵州,2032,口粮,grain_raw,exponential_decline,103.10408880461515
贵州,2033,口粮,grain_raw,exponential_decline,101.72656120491257
贵州,2034,口粮,grain_raw,exponential_decline,100.46023686426882
贵州,2035,口粮,grain_raw,exponential_decline,99.29613871040748
贵州,2025,口粮,grain_raw,local_trend,115.06666666666666
贵州,2026,口粮,grain_raw,local_trend,111.25399999999999
贵州,2027,口粮,grain_raw,local_trend,107.97510666666666
贵州,2028,口粮,grain_raw,local_trend,105.1552584
贵州,2029,口粮,grain_raw,local_trend,102.73018889066665
贵州,2030,口粮,grain_raw,local_trend,100.64462911263999
贵州,2031,口粮,grain_raw,local_trend,98.85104770353706
贵州,2032,口粮,grain_raw,local_trend,97.30856769170853
贵州,2033,口粮,grain_raw,local_trend,95.982034881536
贵州,2034,口粮,grain_raw,local_trend,94.84121666478762
贵州,2035,口粮,grain_raw,local_trend,93.86011299838403
辽宁,2025,口粮,grain_raw,robust_linear,140.725
辽宁,2026,口粮,grain_raw,robust_linear,136.95
辽宁,2027,口粮,grain_raw,robust_linear,133.17499999999998
辽宁,2028,口粮,grain_raw,robust_linear,129.39999999999998
辽宁,2029,口粮,grain_raw,robust_linear,125.62499999999999
辽宁,2030,口粮,grain_raw,robust_linear,121.85
辽宁,2031,口粮,grain_raw,robust_linear,118.07499999999999
辽宁,2032,口粮,grain_raw,robust_linear,114.29999999999998
辽宁,2033,口粮,grain_raw,robust_linear,110.52499999999998
辽宁,2034,口粮,grain_raw,robust_linear,106.74999999999997
辽宁,2035,口粮,grain_raw,robust_linear,102.97499999999998
辽宁,2025,口粮,grain_raw,exponential_decline,140.89575591874004
辽宁,2026,口粮,grain_raw,exponential_decline,137.61258389376522
辽宁,2027,口粮,grain_raw,exponential_decline,134.6218822923884
辽宁,2028,口粮,grain_raw,exponential_decline,131.897597362924
辽宁,2029,口粮,grain_raw,exponential_decline,129.41599626521162
辽宁,2030,口粮,grain_raw,exponential_decline,127.15546031995794
辽宁,2031,口粮,grain_raw,exponential_decline,125.09629667577089
辽宁,2032,口粮,grain_raw,exponential_decline,123.22056675320783
辽宁,2033,口粮,grain_raw,exponential_decline,121.5119299713131
辽宁,2034,口粮,grain_raw,exponential_decline,119.95550139525542
辽宁,2035,口粮,grain_raw,exponential_decline,118.53772206495057
辽宁,2025,口粮,grain_raw,local_trend,138.9
辽宁,2026,口粮,grain_raw,local_trend,134.084
辽宁,2027,口粮,grain_raw,local_trend,129.94224
辽宁,2028,口粮,grain_raw,local_trend,126.38032639999999
辽宁,2029,口粮,grain_raw,local_trend,123.31708070399999
辽宁,2030,口粮,grain_raw,local_trend,120.68268940543999
辽宁,2031,口粮,grain_raw,local_trend,118.41711288867839
辽宁,2032,口粮,grain_raw,local_trend,116.4687170842634
辽宁,2033,口粮,grain_raw,local_trend,114.79309669246653
辽宁,2034,口粮,grain_raw,local_trend,113.35206315552122
辽宁,2035,口粮,grain_raw,local_trend,112.11277431374825
重庆,2025,口粮,grain_raw,robust_linear,130.44675
重庆,2026,口粮,grain_raw,robust_linear,125.59350000000002
重庆,2027,口粮,grain_raw,robust_linear,120.74025000000002
重庆,2028,口粮,grain_raw,robust_linear,115.88700000000001
重庆,2029,口粮,grain_raw,robust_linear,111.03375000000003
重庆,2030,口粮,grain_raw,robust_linear,106.18050000000002
重庆,2031,口粮,grain_raw,robust_linear,101.32725000000002
重庆,2032,口粮,grain_raw,robust_linear,96.47400000000002
重庆,2033,口粮,grain_raw,robust_linear,91.62075000000003
重庆,2034,口粮,grain_raw,robust_linear,86.76750000000003
重庆,2035,口粮,grain_raw,robust_linear,81.91425000000004
重庆,2025,口粮,grain_raw,exponential_decline,130.74475997137608
重庆,2026,口粮,grain_raw,exponential_decline,126.73725016443885
重庆,2027,口粮,grain_raw,exponential_decline,123.2116105160821
重庆,2028,口粮,grain_raw,exponential_decline,120.10990009517488
重庆,2029,口粮,grain_raw,exponential_decline,117.38114489194575
重庆,2030,口粮,grain_raw,exponential_decline,114.98050010287734
重庆,2031,口粮,grain_raw,exponential_decline,112.86851314396604
重庆,2032,口粮,grain_raw,exponential_decline,111.01047528058754
重庆,2033,口粮,grain_raw,exponential_decline,109.37585121854893
重庆,2034,口粮,grain_raw,exponential_decline,107.9377772821346
重庆,2035,口粮,grain_raw,exponential_decline,106.67261993212286
重庆,2025,口粮,grain_raw,local_trend,127.30000000000001
重庆,2026,口粮,grain_raw,local_trend,120.42000000000002
重庆,2027,口粮,grain_raw,local_trend,114.50320000000002
重庆,2028,口粮,grain_raw,local_trend,109.41475200000002
重庆,2029,口粮,grain_raw,local_trend,105.03868672000002
重庆,2030,口粮,grain_raw,local_trend,101.27527057920003
重庆,2031,口粮,grain_raw,local_trend,98.03873269811203
重庆,2032,口粮,grain_raw,local_trend,95.25531012037635
重庆,2033,口粮,grain_raw,local_trend,92.86156670352366
重庆,2034,口粮,grain_raw,local_trend,90.80294736503035
重庆,2035,口粮,grain_raw,local_trend,89.0325347339261
陕西,2025,口粮,grain_raw,robust_linear,134.075
陕西,2026,口粮,grain_raw,robust_linear,130.45
陕西,2027,口粮,grain_raw,robust_linear,126.82499999999999
陕西,2028,口粮,grain_raw,robust_linear,123.19999999999999
陕西,2029,口粮,grain_raw,robust_linear,119.57499999999999
陕西,2030,口粮,grain_raw,robust_linear,115.94999999999999
陕西,2031,口粮,grain_raw,robust_linear,112.32499999999999
陕西,2032,口粮,grain_raw,robust_linear,108.69999999999999
陕西,2033,口粮,grain_raw,robust_linear,105.07499999999999
陕西,2034,口粮,grain_raw,robust_linear,101.44999999999999
陕西,2035,口粮,grain_raw,robust_linear,97.82499999999999
陕西,2025,口粮,grain_raw,exponential_decline,134.2401922192365
陕西,2026,口粮,grain_raw,exponential_decline,131.09084895449726
陕西,2027,口粮,grain_raw,exponential_decline,128.22411079224898
陕西,2028,口粮,grain_raw,exponential_decline,125.61461827268036
陕西,2029,口粮,grain_raw,exponential_decline,123.23928755731986
陕西,2030,口粮,grain_raw,exponential_decline,121.07710622703276
陕西,2031,口粮,grain_raw,exponential_decline,119.10894740400651
陕西,2032,口粮,grain_raw,exponential_decline,117.31740055342773
陕西,2033,口粮,grain_raw,exponential_decline,115.68661746810558
陕西,2034,口粮,grain_raw,exponential_decline,114.20217207360548
陕西,2035,口粮,grain_raw,exponential_decline,112.85093281371505
陕西,2025,口粮,grain_raw,local_trend,132.4333333333333
陕西,2026,口粮,grain_raw,local_trend,127.90399999999998
陕西,2027,口粮,grain_raw,local_trend,124.00877333333331
陕西,2028,口粮,grain_raw,local_trend,120.65887839999998
陕西,2029,口粮,grain_raw,local_trend,117.77796875733331
陕西,2030,口粮,grain_raw,local_trend,115.30038646463998
陕西,2031,口粮,grain_raw,local_trend,113.16966569292372
陕西,2032,口粮,grain_raw,local_trend,111.33724582924772
陕西,2033,口粮,grain_raw,local_trend,109.76136474648638
陕西,2034,口粮,grain_raw,local_trend,108.4061070153116
陕西,2035,口粮,grain_raw,local_trend,107.2405853665013
青海,2025,口粮,grain_raw,robust_linear,97.99510416666666
青海,2026,口粮,grain_raw,robust_linear,93.69020833333333
青海,2027,口粮,grain_raw,robust_linear,89.3853125
青海,2028,口粮,grain_raw,robust_linear,85.08041666666665
青海,2029,口粮,grain_raw,robust_linear,80.77552083333333
青海,2030,口粮,grain_raw,robust_linear,76.47062499999998
青海,2031,口粮,grain_raw,robust_linear,72.16572916666665
青海,2032,口粮,grain_raw,robust_linear,67.86083333333332
青海,2033,口粮,grain_raw,robust_linear,63.555937499999985
青海,2034,口粮,grain_raw,robust_linear,59.25104166666665
青海,2035,口粮,grain_raw,robust_linear,54.94614583333331
青海,2025,口粮,grain_raw,exponential_decline,98.3029800206786
青海,2026,口粮,grain_raw,exponential_decline,94.86370926336161
青海,2027,口粮,grain_raw,exponential_decline,91.90435869635645
青海,2028,口粮,grain_raw,exponential_decline,89.35795964946496
青海,2029,口粮,grain_raw,exponential_decline,87.16688834540791
青海,2030,口粮,grain_raw,exponential_decline,85.2815619016509
青海,2031,口粮,grain_raw,exponential_decline,83.6593162937841
青海,2032,口粮,grain_raw,exponential_decline,82.26344088931104
青海,2033,口粮,grain_raw,exponential_decline,81.06234770381306
青海,2034,口粮,grain_raw,exponential_decline,80.02885658015917
青海,2035,口粮,grain_raw,exponential_decline,79.1395801147128
青海,2025,口粮,grain_raw,local_trend,95.6
青海,2026,口粮,grain_raw,local_trend,89.838
青海,2027,口粮,grain_raw,local_trend,84.88268
青海,2028,口粮,grain_raw,local_trend,80.62110479999998
青海,2029,口粮,grain_raw,local_trend,76.95615012799999
青海,2030,口粮,grain_raw,local_trend,73.80428911007999
青海,2031,口粮,grain_raw,local_trend,71.0936886346688
青海,2032,口粮,grain_raw,local_trend,68.76257222581516
青海,2033,口粮,grain_raw,local_trend,66.75781211420104
青海,2034,口粮,grain_raw,local_trend,65.03371841821289
青海,2035,口粮,grain_raw,local_trend,63.55099783966308
黑龙江,2025,口粮,grain_raw,robust_linear,126.6
黑龙江,2026,口粮,grain_raw,robust_linear,118.6
黑龙江,2027,口粮,grain_raw,robust_linear,110.6
黑龙江,2028,口粮,grain_raw,robust_linear,102.6
黑龙江,2029,口粮,grain_raw,robust_linear,94.6
黑龙江,2030,口粮,grain_raw,robust_linear,86.6
黑龙江,2031,口粮,grain_raw,robust_linear,78.6
黑龙江,2032,口粮,grain_raw,robust_linear,70.6
黑龙江,2033,口粮,grain_raw,robust_linear,62.599999999999994
黑龙江,2034,口粮,grain_raw,robust_linear,54.599999999999994
黑龙江,2035,口粮,grain_raw,robust_linear,46.599999999999994
黑龙江,2025,口粮,grain_raw,exponential_decline,128.391663727668
黑龙江,2026,口粮,grain_raw,exponential_decline,123.20602537696502
黑龙江,2027,口粮,grain_raw,exponential_decline,118.87461613547092
黑龙江,2028,口粮,grain_raw,exponential_decline,115.25671902261941
黑龙江,2029,口粮,grain_raw,exponential_decline,112.2347973363037
黑龙江,2030,口粮,grain_raw,exponential_decline,109.71067617050646
黑龙江,2031,口粮,grain_raw,exponential_decline,107.60235295072334
黑龙江,2032,口粮,grain_raw,exponential_decline,105.8413333692118
黑龙江,2033,口粮,grain_raw,exponential_decline,104.37040617106327
黑龙江,2034,口粮,grain_raw,exponential_decline,103.14178449929514
黑龙江,2035,口粮,grain_raw,exponential_decline,102.11555341577292
黑龙江,2025,口粮,grain_raw,local_trend,126.6
黑龙江,2026,口粮,grain_raw,local_trend,119.72
黑龙江,2027,口粮,grain_raw,local_trend,113.8032
黑龙江,2028,口粮,grain_raw,local_trend,108.714752
黑龙江,2029,口粮,grain_raw,local_trend,104.33868672
黑龙江,2030,口粮,grain_raw,local_trend,100.57527057920001
黑龙江,2031,口粮,grain_raw,local_trend,97.33873269811201
黑龙江,2032,口粮,grain_raw,local_trend,94.55531012037633
黑龙江,2033,口粮,grain_raw,local_trend,92.16156670352365
黑龙江,2034,口粮,grain_raw,local_trend,90.10294736503033
黑龙江,2035,口粮,grain_raw,local_trend,88.33253473392608
