省份,year,indicator,indicator_code,forecast_method,median_robust_trend
上海,2025,饲料粮,feed_grain_pc_kg,median_of_robust_provincial_trend_models,171.17
上海,2026,饲料粮,feed_grain_pc_kg,median_of_robust_provincial_trend_models,170.2326
上海,2027,饲料粮,feed_grain_pc_kg,median_of_robust_provincial_trend_models,169.426436
上海,2028,饲料粮,feed_grain_pc_kg,median_of_robust_provincial_trend_models,168.73313495999997
上海,2029,饲料粮,feed_grain_pc_kg,median_of_robust_provincial_trend_models,168.13689606559998
上海,2030,饲料粮,feed_grain_pc_kg,median_of_robust_provincial_trend_models,167.62413061641598
上海,2031,饲料粮,feed_grain_pc_kg,median_of_robust_provincial_trend_models,167.18315233011774
上海,2032,饲料粮,feed_grain_pc_kg,median_of_robust_provincial_trend_models,166.80391100390125
上海,2033,饲料粮,feed_grain_pc_kg,median_of_robust_provincial_trend_models,166.47776346335507
上海,2034,饲料粮,feed_grain_pc_kg,median_of_robust_provincial_trend_models,166.19727657848534
上海,2035,饲料粮,feed_grain_pc_kg,median_of_robust_provincial_trend_models,165.9560578574974
云南,2025,饲料粮,feed_grain_pc_kg,median_of_robust_provincial_trend_models,162.62999999999997
云南,2026,饲料粮,feed_grain_pc_kg,median_of_robust_provincial_trend_models,163.05999999999997
云南,2027,饲料粮,feed_grain_pc_kg,median_of_robust_provincial_trend_models,163.42979999999997
云南,2028,饲料粮,feed_grain_pc_kg,median_of_robust_provincial_trend_models,163.74782799999997
云南,2029,饲料粮,feed_grain_pc_kg,median_of_robust_provincial_trend_models,164.02133207999998
云南,2030,饲料粮,feed_grain_pc_kg,median_of_robust_provincial_trend_models,164.25654558879998
云南,2031,饲料粮,feed_grain_pc_kg,median_of_robust_provincial_trend_models,164.45882920636797
云南,2032,饲料粮,feed_grain_pc_kg,median_of_robust_provincial_trend_models,164.63279311747644
云南,2033,饲料粮,feed_grain_pc_kg,median_of_robust_provincial_trend_models,164.78240208102974
云南,2034,饲料粮,feed_grain_pc_kg,median_of_robust_provincial_trend_models,164.91106578968558
云南,2035,饲料粮,feed_grain_pc_kg,median_of_robust_provincial_trend_models,165.0217165791296
内蒙古,2025,饲料粮,feed_grain_pc_kg,median_of_robust_provincial_trend_models,178.28
内蒙古,2026,饲料粮,feed_grain_pc_kg,median_of_robust_provincial_trend_models,179.312
内蒙古,2027,饲料粮,feed_grain_pc_kg,median_of_robust_provincial_trend_models,180.19952
内蒙古,2028,饲料粮,feed_grain_pc_kg,median_of_robust_provincial_trend_models,180.9627872
内蒙古,2029,饲料粮,feed_grain_pc_kg,median_of_robust_provincial_trend_models,181.619196992
内蒙古,2030,饲料粮,feed_grain_pc_kg,median_of_robust_provincial_trend_models,182.18370941312
内蒙古,2031,饲料粮,feed_grain_pc_kg,median_of_robust_provincial_trend_models,182.6691900952832
内蒙古,2032,饲料粮,feed_grain_pc_kg,median_of_robust_provincial_trend_models,183.08670348194357
内蒙古,2033,饲料粮,feed_grain_pc_kg,median_of_robust_provincial_trend_models,183.44576499447146
内蒙古,2034,饲料粮,feed_grain_pc_kg,median_of_robust_provincial_trend_models,183.75455789524545
内蒙古,2035,饲料粮,feed_grain_pc_kg,median_of_robust_provincial_trend_models,184.0201197899111
北京,2025,饲料粮,feed_grain_pc_kg,median_of_robust_provincial_trend_models,119.5055
北京,2026,饲料粮,feed_grain_pc_kg,median_of_robust_provincial_trend_models,115.561
北京,2027,饲料粮,feed_grain_pc_kg,median_of_robust_provincial_trend_models,111.6165
北京,2028,饲料粮,feed_grain_pc_kg,median_of_robust_provincial_trend_models,107.67200000000001
北京,2029,饲料粮,feed_grain_pc_kg,median_of_robust_provincial_trend_models,103.7275
北京,2030,饲料粮,feed_grain_pc_kg,median_of_robust_provincial_trend_models,99.78300000000002
北京,2031,饲料粮,feed_grain_pc_kg,median_of_robust_provincial_trend_models,95.83850000000001
北京,2032,饲料粮,feed_grain_pc_kg,median_of_robust_provincial_trend_models,92.18177131899387
北京,2033,饲料粮,feed_grain_pc_kg,median_of_robust_provincial_trend_models,90.31265666766805
北京,2034,饲料粮,feed_grain_pc_kg,median_of_robust_provincial_trend_models,88.70521806752787
北京,2035,饲料粮,feed_grain_pc_kg,median_of_robust_provincial_trend_models,87.3228208714073
吉林,2025,饲料粮,feed_grain_pc_kg,median_of_robust_provincial_trend_models,140.7
吉林,2026,饲料粮,feed_grain_pc_kg,median_of_robust_provincial_trend_models,141.732
吉林,2027,饲料粮,feed_grain_pc_kg,median_of_robust_provincial_trend_models,142.61952
吉林,2028,饲料粮,feed_grain_pc_kg,median_of_robust_provincial_trend_models,143.3827872
吉林,2029,饲料粮,feed_grain_pc_kg,median_of_robust_provincial_trend_models,144.039196992
吉林,2030,饲料粮,feed_grain_pc_kg,median_of_robust_provincial_trend_models,144.60370941312
吉林,2031,饲料粮,feed_grain_pc_kg,median_of_robust_provincial_trend_models,145.0891900952832
吉林,2032,饲料粮,feed_grain_pc_kg,median_of_robust_provincial_trend_models,145.50670348194356
吉林,2033,饲料粮,feed_grain_pc_kg,median_of_robust_provincial_trend_models,145.86576499447145
吉林,2034,饲料粮,feed_grain_pc_kg,median_of_robust_provincial_trend_models,146.17455789524544
吉林,2035,饲料粮,feed_grain_pc_kg,median_of_robust_provincial_trend_models,146.44011978991108
四川,2025,饲料粮,feed_grain_pc_kg,median_of_robust_provincial_trend_models,194.83
四川,2026,饲料粮,feed_grain_pc_kg,median_of_robust_provincial_trend_models,195.26000000000002
四川,2027,饲料粮,feed_grain_pc_kg,median_of_robust_provincial_trend_models,195.62980000000002
四川,2028,饲料粮,feed_grain_pc_kg,median_of_robust_provincial_trend_models,195.94782800000002
四川,2029,饲料粮,feed_grain_pc_kg,median_of_robust_provincial_trend_models,196.22133208000002
四川,2030,饲料粮,feed_grain_pc_kg,median_of_robust_provincial_trend_models,196.45654558880003
四川,2031,饲料粮,feed_grain_pc_kg,median_of_robust_provincial_trend_models,196.658829206368
四川,2032,饲料粮,feed_grain_pc_kg,median_of_robust_provincial_trend_models,196.83279311747648
四川,2033,饲料粮,feed_grain_pc_kg,median_of_robust_provincial_trend_models,196.9824020810298
四川,2034,饲料粮,feed_grain_pc_kg,median_of_robust_provincial_trend_models,197.11106578968563
四川,2035,饲料粮,feed_grain_pc_kg,median_of_robust_provincial_trend_models,197.22171657912963
天津,2025,饲料粮,feed_grain_pc_kg,median_of_robust_provincial_trend_models,136.99632066200638
天津,2026,饲料粮,feed_grain_pc_kg,median_of_robust_provincial_trend_models,136.06618775076458
天津,2027,饲料粮,feed_grain_pc_kg,median_of_robust_provincial_trend_models,135.17709333333337
天津,2028,饲料粮,feed_grain_pc_kg,median_of_robust_provincial_trend_models,134.49863360000003
天津,2029,饲料粮,feed_grain_pc_kg,median_of_robust_provincial_trend_models,133.91515822933337
天津,2030,饲料粮,feed_grain_pc_kg,median_of_robust_provincial_trend_models,133.41336941056002
天津,2031,饲料粮,feed_grain_pc_kg,median_of_robust_provincial_trend_models,132.98183102641497
天津,2032,饲料粮,feed_grain_pc_kg,median_of_robust_provincial_trend_models,132.6107080160502
天津,2033,饲料粮,feed_grain_pc_kg,median_of_robust_provincial_trend_models,132.29154222713652
天津,2034,饲料粮,feed_grain_pc_kg,median_of_robust_provincial_trend_models,132.01705964867074
天津,2035,饲料粮,feed_grain_pc_kg,median_of_robust_provincial_trend_models,131.78100463119017
宁夏,2025,饲料粮,feed_grain_pc_kg,median_of_robust_provincial_trend_models,87.92999999999999
宁夏,2026,饲料粮,feed_grain_pc_kg,median_of_robust_provincial_trend_models,88.36
宁夏,2027,饲料粮,feed_grain_pc_kg,median_of_robust_provincial_trend_models,88.7298
宁夏,2028,饲料粮,feed_grain_pc_kg,median_of_robust_provincial_trend_models,89.047828
宁夏,2029,饲料粮,feed_grain_pc_kg,median_of_robust_provincial_trend_models,89.32133207999999
宁夏,2030,饲料粮,feed_grain_pc_kg,median_of_robust_provincial_trend_models,89.55654558879999
宁夏,2031,饲料粮,feed_grain_pc_kg,median_of_robust_provincial_trend_models,89.75882920636799
宁夏,2032,饲料粮,feed_grain_pc_kg,median_of_robust_provincial_trend_models,89.93279311747648
宁夏,2033,饲料粮,feed_grain_pc_kg,median_of_robust_provincial_trend_models,90.08240208102977
宁夏,2034,饲料粮,feed_grain_pc_kg,median_of_robust_provincial_trend_models,90.21106578968559
宁夏,2035,饲料粮,feed_grain_pc_kg,median_of_robust_provincial_trend_models,90.32171657912961
安徽,2025,饲料粮,feed_grain_pc_kg,median_of_robust_provincial_trend_models,196.57
安徽,2026,饲料粮,feed_grain_pc_kg,median_of_robust_provincial_trend_models,197.602
安徽,2027,饲料粮,feed_grain_pc_kg,median_of_robust_provincial_trend_models,198.48952
安徽,2028,饲料粮,feed_grain_pc_kg,median_of_robust_provincial_trend_models,199.2527872
安徽,2029,饲料粮,feed_grain_pc_kg,median_of_robust_provincial_trend_models,199.909196992
安徽,2030,饲料粮,feed_grain_pc_kg,median_of_robust_provincial_trend_models,200.47370941312
安徽,2031,饲料粮,feed_grain_pc_kg,median_of_robust_provincial_trend_models,200.9591900952832
安徽,2032,饲料粮,feed_grain_pc_kg,median_of_robust_provincial_trend_models,201.37670348194357
安徽,2033,饲料粮,feed_grain_pc_kg,median_of_robust_provincial_trend_models,201.73576499447145
安徽,2034,饲料粮,feed_grain_pc_kg,median_of_robust_provincial_trend_models,202.04455789524545
安徽,2035,饲料粮,feed_grain_pc_kg,median_of_robust_provincial_trend_models,202.31011978991108
山东,2025,饲料粮,feed_grain_pc_kg,median_of_robust_provincial_trend_models,166.96
山东,2026,饲料粮,feed_grain_pc_kg,median_of_robust_provincial_trend_models,167.39000000000001
山东,2027,饲料粮,feed_grain_pc_kg,median_of_robust_provincial_trend_models,167.7598
山东,2028,饲料粮,feed_grain_pc_kg,median_of_robust_provincial_trend_models,168.077828
山东,2029,饲料粮,feed_grain_pc_kg,median_of_robust_provincial_trend_models,168.35133208000002
山东,2030,饲料粮,feed_grain_pc_kg,median_of_robust_provincial_trend_models,168.58654558880002
山东,2031,饲料粮,feed_grain_pc_kg,median_of_robust_provincial_trend_models,168.788829206368
山东,2032,饲料粮,feed_grain_pc_kg,median_of_robust_provincial_trend_models,168.96279311747648
山东,2033,饲料粮,feed_grain_pc_kg,median_of_robust_provincial_trend_models,169.11240208102978
山东,2034,饲料粮,feed_grain_pc_kg,median_of_robust_provincial_trend_models,169.24106578968562
山东,2035,饲料粮,feed_grain_pc_kg,median_of_robust_provincial_trend_models,169.35171657912963
山西,2025,饲料粮,feed_grain_pc_kg,median_of_robust_provincial_trend_models,94.74047837010083
山西,2026,饲料粮,feed_grain_pc_kg,median_of_robust_provincial_trend_models,94.09724038726307
山西,2027,饲料粮,feed_grain_pc_kg,median_of_robust_provincial_trend_models,93.46988400680831
山西,2028,饲料粮,feed_grain_pc_kg,median_of_robust_provincial_trend_models,92.85801711057655
山西,2029,饲料粮,feed_grain_pc_kg,median_of_robust_provincial_trend_models,92.26125726183972
山西,2030,饲料粮,feed_grain_pc_kg,median_of_robust_provincial_trend_models,91.67923146626615
山西,2031,饲料粮,feed_grain_pc_kg,median_of_robust_provincial_trend_models,91.11157593878707
山西,2032,饲料粮,feed_grain_pc_kg,median_of_robust_provincial_trend_models,90.55793587621906
山西,2033,饲料粮,feed_grain_pc_kg,median_of_robust_provincial_trend_models,90.01796523550048
山西,2034,饲料粮,feed_grain_pc_kg,median_of_robust_provincial_trend_models,89.49132651740337
山西,2035,饲料粮,feed_grain_pc_kg,median_of_robust_provincial_trend_models,88.98038919433226
广东,2025,饲料粮,feed_grain_pc_kg,median_of_robust_provincial_trend_models,230.41
广东,2026,饲料粮,feed_grain_pc_kg,median_of_robust_provincial_trend_models,229.5414
广东,2027,饲料粮,feed_grain_pc_kg,median_of_robust_provincial_trend_models,228.79440400000001
广东,2028,饲料粮,feed_grain_pc_kg,median_of_robust_provincial_trend_models,228.15198744000003
广东,2029,饲料粮,feed_grain_pc_kg,median_of_robust_provincial_trend_models,227.59950919840003
广东,2030,饲料粮,feed_grain_pc_kg,median_of_robust_provincial_trend_models,227.12437791062402
广东,2031,饲料粮,feed_grain_pc_kg,median_of_robust_provincial_trend_models,226.71576500313668
广东,2032,饲料粮,feed_grain_pc_kg,median_of_robust_provincial_trend_models,226.36435790269755
广东,2033,饲料粮,feed_grain_pc_kg,median_of_robust_provincial_trend_models,226.0621477963199
广东,2034,饲料粮,feed_grain_pc_kg,median_of_robust_provincial_trend_models,225.80224710483512
广东,2035,饲料粮,feed_grain_pc_kg,median_of_robust_provincial_trend_models,225.5787325101582
广西,2025,饲料粮,feed_grain_pc_kg,median_of_robust_provincial_trend_models,188.25387162486143
广西,2026,饲料粮,feed_grain_pc_kg,median_of_robust_provincial_trend_models,188.8998093827102
广西,2027,饲料粮,feed_grain_pc_kg,median_of_robust_provincial_trend_models,189.484278035734
广西,2028,饲料粮,feed_grain_pc_kg,median_of_robust_provincial_trend_models,190.01312714265904
广西,2029,饲料粮,feed_grain_pc_kg,median_of_robust_provincial_trend_models,190.4916496030997
广西,2030,饲料粮,feed_grain_pc_kg,median_of_robust_provincial_trend_models,190.92463463067705
广西,2031,饲料粮,feed_grain_pc_kg,median_of_robust_provincial_trend_models,191.31641568507834
广西,2032,饲料粮,feed_grain_pc_kg,median_of_robust_provincial_trend_models,191.67091384277825
广西,2033,饲料粮,feed_grain_pc_kg,median_of_robust_provincial_trend_models,191.99167704048992
广西,2034,饲料粮,feed_grain_pc_kg,median_of_robust_provincial_trend_models,192.2819155841083
广西,2035,饲料粮,feed_grain_pc_kg,median_of_robust_provincial_trend_models,192.54453427853048
新疆,2025,饲料粮,feed_grain_pc_kg,median_of_robust_provincial_trend_models,89.32
新疆,2026,饲料粮,feed_grain_pc_kg,median_of_robust_provincial_trend_models,90.35199999999999
新疆,2027,饲料粮,feed_grain_pc_kg,median_of_robust_provincial_trend_models,91.23951999999998
新疆,2028,饲料粮,feed_grain_pc_kg,median_of_robust_provincial_trend_models,92.00278719999999
新疆,2029,饲料粮,feed_grain_pc_kg,median_of_robust_provincial_trend_models,92.65919699199999
新疆,2030,饲料粮,feed_grain_pc_kg,median_of_robust_provincial_trend_models,93.22370941311999
新疆,2031,饲料粮,feed_grain_pc_kg,median_of_robust_provincial_trend_models,93.70919009528319
新疆,2032,饲料粮,feed_grain_pc_kg,median_of_robust_provincial_trend_models,94.12670348194354
新疆,2033,饲料粮,feed_grain_pc_kg,median_of_robust_provincial_trend_models,94.48576499447144
新疆,2034,饲料粮,feed_grain_pc_kg,median_of_robust_provincial_trend_models,94.79455789524545
新疆,2035,饲料粮,feed_grain_pc_kg,median_of_robust_provincial_trend_models,95.06011978991107
江苏,2025,饲料粮,feed_grain_pc_kg,median_of_robust_provincial_trend_models,205.16
江苏,2026,饲料粮,feed_grain_pc_kg,median_of_robust_provincial_trend_models,206.192
江苏,2027,饲料粮,feed_grain_pc_kg,median_of_robust_provincial_trend_models,207.07952
江苏,2028,饲料粮,feed_grain_pc_kg,median_of_robust_provincial_trend_models,207.8427872
江苏,2029,饲料粮,feed_grain_pc_kg,median_of_robust_provincial_trend_models,208.499196992
江苏,2030,饲料粮,feed_grain_pc_kg,median_of_robust_provincial_trend_models,209.06370941312
江苏,2031,饲料粮,feed_grain_pc_kg,median_of_robust_provincial_trend_models,209.5491900952832
江苏,2032,饲料粮,feed_grain_pc_kg,median_of_robust_provincial_trend_models,209.96670348194357
江苏,2033,饲料粮,feed_grain_pc_kg,median_of_robust_provincial_trend_models,210.32576499447146
江苏,2034,饲料粮,feed_grain_pc_kg,median_of_robust_provincial_trend_models,210.63455789524545
江苏,2035,饲料粮,feed_grain_pc_kg,median_of_robust_provincial_trend_models,210.9001197899111
江西,2025,饲料粮,feed_grain_pc_kg,median_of_robust_provincial_trend_models,203.66000000000005
江西,2026,饲料粮,feed_grain_pc_kg,median_of_robust_provincial_trend_models,204.09000000000006
江西,2027,饲料粮,feed_grain_pc_kg,median_of_robust_provincial_trend_models,204.45980000000006
江西,2028,饲料粮,feed_grain_pc_kg,median_of_robust_provincial_trend_models,204.77782800000006
江西,2029,饲料粮,feed_grain_pc_kg,median_of_robust_provincial_trend_models,205.05133208000007
江西,2030,饲料粮,feed_grain_pc_kg,median_of_robust_provincial_trend_models,205.28654558880007
江西,2031,饲料粮,feed_grain_pc_kg,median_of_robust_provincial_trend_models,205.48882920636805
江西,2032,饲料粮,feed_grain_pc_kg,median_of_robust_provincial_trend_models,205.66279311747653
江西,2033,饲料粮,feed_grain_pc_kg,median_of_robust_provincial_trend_models,205.81240208102983
江西,2034,饲料粮,feed_grain_pc_kg,median_of_robust_provincial_trend_models,205.94106578968567
江西,2035,饲料粮,feed_grain_pc_kg,median_of_robust_provincial_trend_models,206.05171657912967
河北,2025,饲料粮,feed_grain_pc_kg,median_of_robust_provincial_trend_models,141.62575000000004
河北,2026,饲料粮,feed_grain_pc_kg,median_of_robust_provincial_trend_models,140.43150000000009
河北,2027,饲料粮,feed_grain_pc_kg,median_of_robust_provincial_trend_models,139.2372500000001
河北,2028,饲料粮,feed_grain_pc_kg,median_of_robust_provincial_trend_models,138.04508422233954
河北,2029,饲料粮,feed_grain_pc_kg,median_of_robust_provincial_trend_models,136.92411758284572
河北,2030,饲料粮,feed_grain_pc_kg,median_of_robust_provincial_trend_models,135.8308277082943
河北,2031,饲料粮,feed_grain_pc_kg,median_of_robust_provincial_trend_models,134.76453125692407
河北,2032,饲料粮,feed_grain_pc_kg,median_of_robust_provincial_trend_models,133.72456175874206
河北,2033,饲料粮,feed_grain_pc_kg,median_of_robust_provincial_trend_models,132.71026919895803
河北,2034,饲料粮,feed_grain_pc_kg,median_of_robust_provincial_trend_models,131.72101961170407
河北,2035,饲料粮,feed_grain_pc_kg,median_of_robust_provincial_trend_models,130.75619468378534
河南,2025,饲料粮,feed_grain_pc_kg,median_of_robust_provincial_trend_models,158.18
河南,2026,饲料粮,feed_grain_pc_kg,median_of_robust_provincial_trend_models,158.61
河南,2027,饲料粮,feed_grain_pc_kg,median_of_robust_provincial_trend_models,158.9798
河南,2028,饲料粮,feed_grain_pc_kg,median_of_robust_provincial_trend_models,159.297828
河南,2029,饲料粮,feed_grain_pc_kg,median_of_robust_provincial_trend_models,159.57133208000002
河南,2030,饲料粮,feed_grain_pc_kg,median_of_robust_provincial_trend_models,159.80654558880002
河南,2031,饲料粮,feed_grain_pc_kg,median_of_robust_provincial_trend_models,160.008829206368
河南,2032,饲料粮,feed_grain_pc_kg,median_of_robust_provincial_trend_models,160.18279311747648
河南,2033,饲料粮,feed_grain_pc_kg,median_of_robust_provincial_trend_models,160.33240208102978
河南,2034,饲料粮,feed_grain_pc_kg,median_of_robust_provincial_trend_models,160.46106578968562
河南,2035,饲料粮,feed_grain_pc_kg,median_of_robust_provincial_trend_models,160.57171657912963
浙江,2025,饲料粮,feed_grain_pc_kg,median_of_robust_provincial_trend_models,202.37000000000003
浙江,2026,饲料粮,feed_grain_pc_kg,median_of_robust_provincial_trend_models,203.40200000000004
浙江,2027,饲料粮,feed_grain_pc_kg,median_of_robust_provincial_trend_models,204.28952000000004
浙江,2028,饲料粮,feed_grain_pc_kg,median_of_robust_provincial_trend_models,205.05278720000004
浙江,2029,饲料粮,feed_grain_pc_kg,median_of_robust_provincial_trend_models,205.70919699200005
浙江,2030,饲料粮,feed_grain_pc_kg,median_of_robust_provincial_trend_models,206.27370941312003
浙江,2031,饲料粮,feed_grain_pc_kg,median_of_robust_provincial_trend_models,206.75919009528323
浙江,2032,饲料粮,feed_grain_pc_kg,median_of_robust_provincial_trend_models,207.1767034819436
浙江,2033,饲料粮,feed_grain_pc_kg,median_of_robust_provincial_trend_models,207.5357649944715
浙江,2034,饲料粮,feed_grain_pc_kg,median_of_robust_provincial_trend_models,207.8445578952455
浙江,2035,饲料粮,feed_grain_pc_kg,median_of_robust_provincial_trend_models,208.11011978991112
海南,2025,饲料粮,feed_grain_pc_kg,median_of_robust_provincial_trend_models,224.08999999999997
海南,2026,饲料粮,feed_grain_pc_kg,median_of_robust_provincial_trend_models,225.12199999999999
海南,2027,饲料粮,feed_grain_pc_kg,median_of_robust_provincial_trend_models,226.00951999999998
海南,2028,饲料粮,feed_grain_pc_kg,median_of_robust_provincial_trend_models,226.77278719999998
海南,2029,饲料粮,feed_grain_pc_kg,median_of_robust_provincial_trend_models,227.429196992
海南,2030,饲料粮,feed_grain_pc_kg,median_of_robust_provincial_trend_models,227.99370941311997
海南,2031,饲料粮,feed_grain_pc_kg,median_of_robust_provincial_trend_models,228.47919009528317
海南,2032,饲料粮,feed_grain_pc_kg,median_of_robust_provincial_trend_models,228.89670348194355
海南,2033,饲料粮,feed_grain_pc_kg,median_of_robust_provincial_trend_models,229.25576499447143
海南,2034,饲料粮,feed_grain_pc_kg,median_of_robust_provincial_trend_models,229.56455789524543
海南,2035,饲料粮,feed_grain_pc_kg,median_of_robust_provincial_trend_models,229.83011978991107
湖北,2025,饲料粮,feed_grain_pc_kg,median_of_robust_provincial_trend_models,138.10122619047613
湖北,2026,饲料粮,feed_grain_pc_kg,median_of_robust_provincial_trend_models,132.52948071428565
湖北,2027,饲料粮,feed_grain_pc_kg,median_of_robust_provincial_trend_models,127.73777960476183
湖北,2028,饲料粮,feed_grain_pc_kg,median_of_robust_provincial_trend_models,123.61691665057134
湖北,2029,饲料粮,feed_grain_pc_kg,median_of_robust_provincial_trend_models,120.07297450996752
湖北,2030,饲料粮,feed_grain_pc_kg,median_of_robust_provincial_trend_models,117.02518426904825
湖北,2031,饲料粮,feed_grain_pc_kg,median_of_robust_provincial_trend_models,114.40408466185767
湖北,2032,饲料粮,feed_grain_pc_kg,median_of_robust_provincial_trend_models,112.14993899967376
湖北,2033,饲料粮,feed_grain_pc_kg,median_of_robust_provincial_trend_models,110.21137373019562
湖北,2034,饲料粮,feed_grain_pc_kg,median_of_robust_provincial_trend_models,108.54420759844439
湖北,2035,饲料粮,feed_grain_pc_kg,median_of_robust_provincial_trend_models,107.11044472513835
湖南,2025,饲料粮,feed_grain_pc_kg,median_of_robust_provincial_trend_models,190.71
湖南,2026,饲料粮,feed_grain_pc_kg,median_of_robust_provincial_trend_models,191.14000000000001
湖南,2027,饲料粮,feed_grain_pc_kg,median_of_robust_provincial_trend_models,191.5098
湖南,2028,饲料粮,feed_grain_pc_kg,median_of_robust_provincial_trend_models,191.827828
湖南,2029,饲料粮,feed_grain_pc_kg,median_of_robust_provincial_trend_models,192.10133208000002
湖南,2030,饲料粮,feed_grain_pc_kg,median_of_robust_provincial_trend_models,192.33654558880002
湖南,2031,饲料粮,feed_grain_pc_kg,median_of_robust_provincial_trend_models,192.538829206368
湖南,2032,饲料粮,feed_grain_pc_kg,median_of_robust_provincial_trend_models,192.71279311747648
湖南,2033,饲料粮,feed_grain_pc_kg,median_of_robust_provincial_trend_models,192.86240208102978
湖南,2034,饲料粮,feed_grain_pc_kg,median_of_robust_provincial_trend_models,192.99106578968562
湖南,2035,饲料粮,feed_grain_pc_kg,median_of_robust_provincial_trend_models,193.10171657912963
甘肃,2025,饲料粮,feed_grain_pc_kg,median_of_robust_provincial_trend_models,96.7244204512555
甘肃,2026,饲料粮,feed_grain_pc_kg,median_of_robust_provincial_trend_models,96.05576792188111
甘肃,2027,饲料粮,feed_grain_pc_kg,median_of_robust_provincial_trend_models,95.40362448227944
甘肃,2028,饲料粮,feed_grain_pc_kg,median_of_robust_provincial_trend_models,94.76758252157168
甘肃,2029,饲料粮,feed_grain_pc_kg,median_of_robust_provincial_trend_models,94.14724449282747
甘肃,2030,饲料粮,feed_grain_pc_kg,median_of_robust_provincial_trend_models,93.54222266458513
甘肃,2031,饲料粮,feed_grain_pc_kg,median_of_robust_provincial_trend_models,92.95213887850687
甘肃,2032,饲料粮,feed_grain_pc_kg,median_of_robust_provincial_trend_models,92.37662431301754
甘肃,2033,饲料粮,feed_grain_pc_kg,median_of_robust_provincial_trend_models,91.8153192527791
甘肃,2034,饲料粮,feed_grain_pc_kg,median_of_robust_provincial_trend_models,91.26787286385691
甘肃,2035,饲料粮,feed_grain_pc_kg,median_of_robust_provincial_trend_models,90.73394297443697
福建,2025,饲料粮,feed_grain_pc_kg,median_of_robust_provincial_trend_models,205.70999999999998
福建,2026,饲料粮,feed_grain_pc_kg,median_of_robust_provincial_trend_models,206.742
福建,2027,饲料粮,feed_grain_pc_kg,median_of_robust_provincial_trend_models,207.62951999999999
福建,2028,饲料粮,feed_grain_pc_kg,median_of_robust_provincial_trend_models,208.3927872
福建,2029,饲料粮,feed_grain_pc_kg,median_of_robust_provincial_trend_models,209.049196992
福建,2030,饲料粮,feed_grain_pc_kg,median_of_robust_provincial_trend_models,209.61370941311998
福建,2031,饲料粮,feed_grain_pc_kg,median_of_robust_provincial_trend_models,210.09919009528318
福建,2032,饲料粮,feed_grain_pc_kg,median_of_robust_provincial_trend_models,210.51670348194355
福建,2033,饲料粮,feed_grain_pc_kg,median_of_robust_provincial_trend_models,210.87576499447144
福建,2034,饲料粮,feed_grain_pc_kg,median_of_robust_provincial_trend_models,211.18455789524543
福建,2035,饲料粮,feed_grain_pc_kg,median_of_robust_provincial_trend_models,211.45011978991107
西藏,2025,饲料粮,feed_grain_pc_kg,median_of_robust_provincial_trend_models,93.29
西藏,2026,饲料粮,feed_grain_pc_kg,median_of_robust_provincial_trend_models,93.72000000000001
西藏,2027,饲料粮,feed_grain_pc_kg,median_of_robust_provincial_trend_models,94.08980000000001
西藏,2028,饲料粮,feed_grain_pc_kg,median_of_robust_provincial_trend_models,94.40782800000001
西藏,2029,饲料粮,feed_grain_pc_kg,median_of_robust_provincial_trend_models,94.68133208
西藏,2030,饲料粮,feed_grain_pc_kg,median_of_robust_provincial_trend_models,94.9165455888
西藏,2031,饲料粮,feed_grain_pc_kg,median_of_robust_provincial_trend_models,95.118829206368
西藏,2032,饲料粮,feed_grain_pc_kg,median_of_robust_provincial_trend_models,95.29279311747649
西藏,2033,饲料粮,feed_grain_pc_kg,median_of_robust_provincial_trend_models,95.44240208102978
西藏,2034,饲料粮,feed_grain_pc_kg,median_of_robust_provincial_trend_models,95.5710657896856
西藏,2035,饲料粮,feed_grain_pc_kg,median_of_robust_provincial_trend_models,95.68171657912963
贵州,2025,饲料粮,feed_grain_pc_kg,median_of_robust_provincial_trend_models,137.79999999999998
贵州,2026,饲料粮,feed_grain_pc_kg,median_of_robust_provincial_trend_models,138.832
贵州,2027,饲料粮,feed_grain_pc_kg,median_of_robust_provincial_trend_models,139.71952
贵州,2028,饲料粮,feed_grain_pc_kg,median_of_robust_provincial_trend_models,140.4827872
贵州,2029,饲料粮,feed_grain_pc_kg,median_of_robust_provincial_trend_models,141.139196992
贵州,2030,饲料粮,feed_grain_pc_kg,median_of_robust_provincial_trend_models,141.70370941311998
贵州,2031,饲料粮,feed_grain_pc_kg,median_of_robust_provincial_trend_models,142.18919009528318
贵州,2032,饲料粮,feed_grain_pc_kg,median_of_robust_provincial_trend_models,142.60670348194355
贵州,2033,饲料粮,feed_grain_pc_kg,median_of_robust_provincial_trend_models,142.96576499447144
贵州,2034,饲料粮,feed_grain_pc_kg,median_of_robust_provincial_trend_models,143.27455789524544
贵州,2035,饲料粮,feed_grain_pc_kg,median_of_robust_provincial_trend_models,143.54011978991107
辽宁,2025,饲料粮,feed_grain_pc_kg,median_of_robust_provincial_trend_models,174.71999999999997
辽宁,2026,饲料粮,feed_grain_pc_kg,median_of_robust_provincial_trend_models,175.14999999999998
辽宁,2027,饲料粮,feed_grain_pc_kg,median_of_robust_provincial_trend_models,175.51979999999998
辽宁,2028,饲料粮,feed_grain_pc_kg,median_of_robust_provincial_trend_models,175.83782799999997
辽宁,2029,饲料粮,feed_grain_pc_kg,median_of_robust_provincial_trend_models,176.11133207999998
辽宁,2030,饲料粮,feed_grain_pc_kg,median_of_robust_provincial_trend_models,176.34654558879998
辽宁,2031,饲料粮,feed_grain_pc_kg,median_of_robust_provincial_trend_models,176.54882920636797
辽宁,2032,饲料粮,feed_grain_pc_kg,median_of_robust_provincial_trend_models,176.72279311747644
辽宁,2033,饲料粮,feed_grain_pc_kg,median_of_robust_provincial_trend_models,176.87240208102975
辽宁,2034,饲料粮,feed_grain_pc_kg,median_of_robust_provincial_trend_models,177.00106578968558
辽宁,2035,饲料粮,feed_grain_pc_kg,median_of_robust_provincial_trend_models,177.1117165791296
重庆,2025,饲料粮,feed_grain_pc_kg,median_of_robust_provincial_trend_models,232.37
重庆,2026,饲料粮,feed_grain_pc_kg,median_of_robust_provincial_trend_models,232.8
重庆,2027,饲料粮,feed_grain_pc_kg,median_of_robust_provincial_trend_models,233.1698
重庆,2028,饲料粮,feed_grain_pc_kg,median_of_robust_provincial_trend_models,233.487828
重庆,2029,饲料粮,feed_grain_pc_kg,median_of_robust_provincial_trend_models,233.76133208000002
重庆,2030,饲料粮,feed_grain_pc_kg,median_of_robust_provincial_trend_models,233.99654558880002
重庆,2031,饲料粮,feed_grain_pc_kg,median_of_robust_provincial_trend_models,234.198829206368
重庆,2032,饲料粮,feed_grain_pc_kg,median_of_robust_provincial_trend_models,234.37279311747648
重庆,2033,饲料粮,feed_grain_pc_kg,median_of_robust_provincial_trend_models,234.52240208102978
重庆,2034,饲料粮,feed_grain_pc_kg,median_of_robust_provincial_trend_models,234.65106578968562
重庆,2035,饲料粮,feed_grain_pc_kg,median_of_robust_provincial_trend_models,234.76171657912963
陕西,2025,饲料粮,feed_grain_pc_kg,median_of_robust_provincial_trend_models,101.35
陕西,2026,饲料粮,feed_grain_pc_kg,median_of_robust_provincial_trend_models,101.78
陕西,2027,饲料粮,feed_grain_pc_kg,median_of_robust_provincial_trend_models,102.1498
陕西,2028,饲料粮,feed_grain_pc_kg,median_of_robust_provincial_trend_models,102.467828
陕西,2029,饲料粮,feed_grain_pc_kg,median_of_robust_provincial_trend_models,102.74133207999999
陕西,2030,饲料粮,feed_grain_pc_kg,median_of_robust_provincial_trend_models,102.9765455888
陕西,2031,饲料粮,feed_grain_pc_kg,median_of_robust_provincial_trend_models,103.178829206368
陕西,2032,饲料粮,feed_grain_pc_kg,median_of_robust_provincial_trend_models,103.35279311747648
陕西,2033,饲料粮,feed_grain_pc_kg,median_of_robust_provincial_trend_models,103.50240208102977
陕西,2034,饲料粮,feed_grain_pc_kg,median_of_robust_provincial_trend_models,103.6310657896856
陕西,2035,饲料粮,feed_grain_pc_kg,median_of_robust_provincial_trend_models,103.74171657912962
青海,2025,饲料粮,feed_grain_pc_kg,median_of_robust_provincial_trend_models,97.74
青海,2026,饲料粮,feed_grain_pc_kg,median_of_robust_provincial_trend_models,98.17
青海,2027,饲料粮,feed_grain_pc_kg,median_of_robust_provincial_trend_models,98.5398
青海,2028,饲料粮,feed_grain_pc_kg,median_of_robust_provincial_trend_models,98.857828
青海,2029,饲料粮,feed_grain_pc_kg,median_of_robust_provincial_trend_models,99.13133207999999
青海,2030,饲料粮,feed_grain_pc_kg,median_of_robust_provincial_trend_models,99.3665455888
青海,2031,饲料粮,feed_grain_pc_kg,median_of_robust_provincial_trend_models,99.568829206368
青海,2032,饲料粮,feed_grain_pc_kg,median_of_robust_provincial_trend_models,99.74279311747648
青海,2033,饲料粮,feed_grain_pc_kg,median_of_robust_provincial_trend_models,99.89240208102977
青海,2034,饲料粮,feed_grain_pc_kg,median_of_robust_provincial_trend_models,100.0210657896856
青海,2035,饲料粮,feed_grain_pc_kg,median_of_robust_provincial_trend_models,100.13171657912962
黑龙江,2025,饲料粮,feed_grain_pc_kg,median_of_robust_provincial_trend_models,145.02609803956312
黑龙江,2026,饲料粮,feed_grain_pc_kg,median_of_robust_provincial_trend_models,143.82266122707787
黑龙江,2027,饲料粮,feed_grain_pc_kg,median_of_robust_provincial_trend_models,142.6489373753612
黑龙江,2028,饲料粮,feed_grain_pc_kg,median_of_robust_provincial_trend_models,141.50419286879787
黑龙江,2029,饲料粮,feed_grain_pc_kg,median_of_robust_provincial_trend_models,140.3877122048067
黑龙江,2030,饲料粮,feed_grain_pc_kg,median_of_robust_provincial_trend_models,139.29879754662812
黑龙江,2031,饲料粮,feed_grain_pc_kg,median_of_robust_provincial_trend_models,138.23676828715358
黑龙江,2032,饲料粮,feed_grain_pc_kg,median_of_robust_provincial_trend_models,137.31668592688408
黑龙江,2033,饲料粮,feed_grain_pc_kg,median_of_robust_provincial_trend_models,136.78208323045362
黑龙江,2034,饲料粮,feed_grain_pc_kg,median_of_robust_provincial_trend_models,136.32232491152345
黑龙江,2035,饲料粮,feed_grain_pc_kg,median_of_robust_provincial_trend_models,135.92693275724352
